Civilité;Prénom bénéficiaire;Nom bénéficiaire;Adresses Mails;N° Téléphones;Date de Naissance;CP Ville;N° CAF;ID Iodas;Référent;Role
Monsieur;Paul;Durand;paul.durand369@example.com;0663603510;16/02/1952;59402 Nice;CAF0027004992;IODAS822920;referent.agent3@example.org;
Madame;Inès;Dupont;inès.dupont434@example.com;0680307435;22/09/1987;17874 Lyon;CAF0878018651;IODAS221021;referent.agent5@example.org;
Monsieur;Julie;Lefebvre;julie.lefebvre178@example.com;0609774266;02/08/1978;48923 Nice;CAF0399037519;IODAS823287;referent.agent4@example.org;
Madame;Marie;Robert;marie.robert298@example.com;0678375567;24/08/1972;45684 Lille;CAF0669817349;IODAS929853;referent.agent1@example.org;
Monsieur;Marie;Moreau;marie.moreau535@example.com;0696672959;28/08/1978;90610 Montpellier;CAF0706080803;IODAS264297;referent.agent1@example.org;
Monsieur;Inès;Thomas;inès.thomas203@example.com;0623087227;02/04/1993;39765 Nice;CAF0319307564;IODAS208376;referent.agent2@example.org;
Madame;Julie;Thomas;julie.thomas290@example.com;0680971969;28/05/1953;75910 Nice;CAF0941355084;IODAS885511;referent.agent2@example.org;
Monsieur;Manon;Richard;manon.richard744@example.com;0644492270;18/11/1950;95027 Lille;CAF0976455101;IODAS682802;referent.agent1@example.org;
Monsieur;Julie;Lefebvre;julie.lefebvre201@example.com;0638089264;05/05/1981;56267 Nice;CAF0551218405;IODAS997577;referent.agent4@example.org;
Madame;Émile;Moreau;émile.moreau508@example.com;0680369062;17/02/1962;10026 Lille;CAF0237024044;IODAS795788;referent.agent1@example.org;
Madame;Gaston;Martin;gaston.martin593@example.com;0614083826;24/04/1983;13818 Marseille;CAF0385443699;IODAS585704;referent.agent4@example.org;
Monsieur;Michel;Lefebvre;michel.lefebvre133@example.com;0697991946;28/11/1981;40573 Toulouse;CAF0031843570;IODAS421075;referent.agent1@example.org;
Monsieur;Inès;Robert;inès.robert656@example.com;0657829304;02/03/1953;22049 Lille;CAF0376020709;IODAS166793;referent.agent3@example.org;
Monsieur;Camille;Garcia;camille.garcia747@example.com;0632216545;19/12/1997;25516 Nantes;CAF0802090023;IODAS150251;referent.agent1@example.org;
Monsieur;Camille;Lefebvre;camille.lefebvre93@example.com;0630892462;19/06/1998;41860 Lille;CAF0650184447;IODAS741340;referent.agent2@example.org;
Madame;Léa;Petit;léa.petit9@example.com;0667359199;12/05/1987;67291 Paris;CAF0208886995;IODAS235378;referent.agent3@example.org;
Madame;Pierre;Robert;pierre.robert843@example.com;0636978966;07/11/2003;13268 Bordeaux;CAF0649521333;IODAS207477;referent.agent5@example.org;
Madame;Inès;Durand;inès.durand285@example.com;0646531345;21/06/2002;12724 Montpellier;CAF0847034395;IODAS127171;referent.agent5@example.org;
Madame;Jean;Dubois;jean.dubois158@example.com;0643604712;04/11/1955;87172 Strasbourg;CAF0918016908;IODAS157549;referent.agent5@example.org;
Madame;Chloé;Laurent;chloé.laurent410@example.com;0654511766;06/01/2000;91866 Marseille;CAF0798316458;IODAS757862;referent.agent1@example.org;
Madame;Léa;Lefebvre;léa.lefebvre746@example.com;0687876343;26/08/1998;27059 Montpellier;CAF0774649557;IODAS29029;referent.agent4@example.org;
Madame;Inès;Roux;inès.roux606@example.com;0683527315;26/09/1972;36977 Lille;CAF0606006503;IODAS499023;referent.agent5@example.org;
Madame;Michel;Dupont;michel.dupont481@example.com;0636423174;23/01/1990;23032 Paris;CAF0461269238;IODAS363892;referent.agent4@example.org;
Madame;Manon;Petit;manon.petit612@example.com;0685253783;12/05/2002;65311 Nantes;CAF0753831665;IODAS447634;referent.agent2@example.org;
Madame;Gaston;Lefebvre;gaston.lefebvre590@example.com;0617776486;12/01/1975;40501 Bordeaux;CAF0624630234;IODAS352158;referent.agent4@example.org;
Madame;Inès;Bernard;inès.bernard740@example.com;0618338916;16/06/1977;73713 Strasbourg;CAF0005880561;IODAS446335;referent.agent4@example.org;
Monsieur;Inès;Robert;inès.robert87@example.com;0664964593;09/08/1966;28571 Strasbourg;CAF0752512535;IODAS547803;referent.agent3@example.org;
Madame;Sophie;Laurent;sophie.laurent95@example.com;0680755969;24/12/1969;50277 Montpellier;CAF0900844295;IODAS878705;referent.agent5@example.org;
Monsieur;Jean;Leroy;jean.leroy431@example.com;0661659672;05/06/1990;24089 Strasbourg;CAF0851883923;IODAS818454;referent.agent5@example.org;
Monsieur;Paul;Petit;paul.petit4@example.com;0667148558;16/09/1969;48164 Nice;CAF0423821952;IODAS641107;referent.agent4@example.org;
Madame;Gaston;Leroy;gaston.leroy909@example.com;0623046597;01/12/2002;30164 Paris;CAF0605260680;IODAS964802;referent.agent5@example.org;
Monsieur;Albert;Moreau;albert.moreau979@example.com;0622475387;18/04/1960;87283 Toulouse;CAF0971527024;IODAS429854;referent.agent2@example.org;
Monsieur;Albert;Moreau;albert.moreau79@example.com;0605389683;05/12/1972;64089 Marseille;CAF0207468812;IODAS589111;referent.agent4@example.org;
Monsieur;Michel;Durand;michel.durand145@example.com;0618687254;18/09/1968;78805 Paris;CAF0127379978;IODAS837864;referent.agent4@example.org;
Madame;Léa;Robert;léa.robert751@example.com;0607680962;04/04/1951;69261 Montpellier;CAF0969914439;IODAS180719;referent.agent2@example.org;
Monsieur;Chloé;Richard;chloé.richard821@example.com;0650837485;28/07/1991;36169 Montpellier;CAF0911808800;IODAS601660;referent.agent5@example.org;
Madame;Émile;Dupont;émile.dupont392@example.com;0648653779;14/06/2004;57935 Lyon;CAF0858979507;IODAS991499;referent.agent5@example.org;
Monsieur;Jean;Leroy;jean.leroy949@example.com;0672558160;12/07/2005;92030 Lyon;CAF0418924483;IODAS802;referent.agent3@example.org;
Madame;Camille;Moreau;camille.moreau861@example.com;0643431280;10/05/1999;83796 Bordeaux;CAF0454706225;IODAS418318;referent.agent4@example.org;
Monsieur;Léa;Laurent;léa.laurent532@example.com;0628329592;27/04/1961;16926 Paris;CAF0695538761;IODAS720769;referent.agent4@example.org;
Monsieur;Pierre;Dupont;pierre.dupont691@example.com;0667167909;03/05/1961;11442 Marseille;CAF0956560049;IODAS88870;referent.agent1@example.org;
Madame;Julie;Dupont;julie.dupont195@example.com;0672534133;10/08/1974;61077 Nice;CAF0728456044;IODAS153553;referent.agent3@example.org;
Monsieur;Julie;Richard;julie.richard947@example.com;0614797113;28/08/1963;32231 Nice;CAF0981819435;IODAS252375;referent.agent4@example.org;
Monsieur;Lucas;Durand;lucas.durand200@example.com;0679769627;20/08/1983;16864 Marseille;CAF0926966510;IODAS309243;referent.agent4@example.org;
Monsieur;Sophie;Roux;sophie.roux341@example.com;0693243971;05/04/1962;88504 Nantes;CAF0301040094;IODAS738047;referent.agent2@example.org;
Monsieur;Inès;Laurent;inès.laurent558@example.com;0614047569;22/06/1962;65132 Nantes;CAF0466825751;IODAS504728;referent.agent1@example.org;
Madame;Sophie;Moreau;sophie.moreau704@example.com;0626339907;18/07/1953;66899 Lyon;CAF0171735628;IODAS846148;referent.agent2@example.org;
Madame;Chloé;Thomas;chloé.thomas506@example.com;0677705556;01/08/1975;39155 Lille;CAF0604188332;IODAS431910;referent.agent4@example.org;
Monsieur;Chloé;Martin;chloé.martin182@example.com;0605066609;11/09/1953;42514 Nantes;CAF0982520734;IODAS825800;referent.agent2@example.org;
Monsieur;Michel;Bernard;michel.bernard610@example.com;0692070098;13/08/1967;17789 Marseille;CAF0820340020;IODAS789451;referent.agent1@example.org;
Monsieur;Jean;Martin;jean.martin196@example.com;0647797992;25/10/2001;17215 Montpellier;CAF0435165985;IODAS878952;referent.agent1@example.org;
Monsieur;Sophie;Dupont;sophie.dupont890@example.com;0605212271;19/08/1960;73718 Nantes;CAF0705988941;IODAS187630;referent.agent1@example.org;
Madame;Albert;Richard;albert.richard639@example.com;0670076296;25/07/1992;39964 Lille;CAF0603342785;IODAS361779;referent.agent3@example.org;
Monsieur;Gaston;Leroy;gaston.leroy11@example.com;0694001630;17/03/1963;17058 Toulouse;CAF0023592129;IODAS927285;referent.agent1@example.org;
Monsieur;Sophie;Petit;sophie.petit895@example.com;0626633769;18/08/1976;48863 Nantes;CAF0774090994;IODAS326732;referent.agent2@example.org;
Madame;Inès;Moreau;inès.moreau401@example.com;0601081562;03/10/1995;11040 Marseille;CAF0771589807;IODAS600919;referent.agent1@example.org;
Monsieur;Émile;Simon;émile.simon535@example.com;0696510754;14/12/1961;78860 Toulouse;CAF0840761220;IODAS834342;referent.agent2@example.org;
Madame;Manon;Thomas;manon.thomas292@example.com;0610591851;15/11/1974;87164 Strasbourg;CAF0856118550;IODAS220696;referent.agent1@example.org;
Monsieur;Léa;Simon;léa.simon363@example.com;0637351970;14/07/1956;82736 Toulouse;CAF0894772831;IODAS282981;referent.agent1@example.org;
Madame;Chloé;Lefebvre;chloé.lefebvre203@example.com;0624575386;22/08/1996;15591 Paris;CAF0813134917;IODAS739924;referent.agent4@example.org;
Monsieur;Lucas;Martin;lucas.martin253@example.com;0645370221;20/01/1951;76520 Lille;CAF0907961353;IODAS777832;referent.agent2@example.org;
Madame;Gaston;Garcia;gaston.garcia80@example.com;0606013822;12/02/1996;39942 Marseille;CAF0496088545;IODAS564208;referent.agent4@example.org;
Madame;Sophie;Richard;sophie.richard293@example.com;0652906728;12/04/1981;23680 Marseille;CAF0575291611;IODAS740777;referent.agent4@example.org;
Monsieur;Manon;Dupont;manon.dupont394@example.com;0633524143;13/01/1964;22833 Nantes;CAF0834390353;IODAS934842;referent.agent5@example.org;
Monsieur;Inès;Lefebvre;inès.lefebvre227@example.com;0638109260;01/03/2000;89787 Lyon;CAF0546017095;IODAS157293;referent.agent3@example.org;
Monsieur;Albert;Lefebvre;albert.lefebvre196@example.com;0645032674;07/11/1950;44379 Nice;CAF0633328339;IODAS705507;referent.agent4@example.org;
Monsieur;Lucas;Thomas;lucas.thomas958@example.com;0680385612;25/10/1962;70441 Nice;CAF0263831089;IODAS685144;referent.agent2@example.org;
Monsieur;Jean;Garcia;jean.garcia823@example.com;0606360852;08/08/1971;44500 Lyon;CAF0055117487;IODAS646545;referent.agent3@example.org;
Madame;Michel;Roux;michel.roux872@example.com;0657178656;19/01/1981;63623 Toulouse;CAF0622319371;IODAS366897;referent.agent3@example.org;
Monsieur;Sophie;Martin;sophie.martin945@example.com;0657955307;19/05/1977;75577 Strasbourg;CAF0471020866;IODAS514776;referent.agent2@example.org;
Madame;Émile;Lefebvre;émile.lefebvre623@example.com;0656920332;06/03/1952;16392 Nantes;CAF0794735094;IODAS151508;referent.agent1@example.org;
Madame;Léa;Bernard;léa.bernard924@example.com;0660546409;25/07/1996;68857 Bordeaux;CAF0974118597;IODAS559313;referent.agent4@example.org;
Madame;Michel;Robert;michel.robert635@example.com;0635758931;11/12/1972;68150 Marseille;CAF0809204744;IODAS280976;referent.agent3@example.org;
Monsieur;Gaston;Dubois;gaston.dubois30@example.com;0671437760;12/07/1960;33552 Strasbourg;CAF0903991472;IODAS480557;referent.agent4@example.org;
Madame;Julie;Richard;julie.richard954@example.com;0624417291;14/08/1997;86960 Strasbourg;CAF0962719991;IODAS762973;referent.agent1@example.org;
Monsieur;Albert;Durand;albert.durand583@example.com;0664464395;16/11/1971;53228 Paris;CAF0918232560;IODAS140599;referent.agent4@example.org;
Madame;Camille;Martin;camille.martin999@example.com;0657542266;17/04/1951;91697 Nantes;CAF0626704075;IODAS350466;referent.agent4@example.org;
Madame;Michel;Moreau;michel.moreau757@example.com;0629241012;18/06/1967;26430 Nice;CAF0379201288;IODAS758883;referent.agent4@example.org;
Madame;Albert;Laurent;albert.laurent206@example.com;0625242201;01/03/1965;70913 Lille;CAF0136240547;IODAS885204;referent.agent1@example.org;
Monsieur;Sophie;Robert;sophie.robert229@example.com;0672240199;06/05/1964;15416 Montpellier;CAF0244014645;IODAS488372;referent.agent5@example.org;
Monsieur;Chloé;Dupont;chloé.dupont731@example.com;0637401103;15/04/1990;87428 Bordeaux;CAF0006235368;IODAS342576;referent.agent3@example.org;
Monsieur;Manon;Laurent;manon.laurent402@example.com;0613356980;24/11/1993;40923 Nantes;CAF0623207846;IODAS95353;referent.agent4@example.org;
Monsieur;Lucas;Roux;lucas.roux633@example.com;0602539395;24/09/1996;13388 Nice;CAF0375469611;IODAS548427;referent.agent3@example.org;
Madame;Lucas;Dupont;lucas.dupont872@example.com;0680056677;19/01/1998;70456 Nantes;CAF0419435850;IODAS938733;referent.agent5@example.org;
Monsieur;Julie;Dubois;julie.dubois194@example.com;0602288611;07/03/1953;14625 Toulouse;CAF0380019222;IODAS269576;referent.agent4@example.org;
Madame;Manon;Martin;manon.martin197@example.com;0667405207;16/07/1974;65324 Lille;CAF0618704796;IODAS920961;referent.agent1@example.org;
Monsieur;Pierre;Roux;pierre.roux784@example.com;0680161598;06/01/1953;56065 Marseille;CAF0924527949;IODAS130526;referent.agent2@example.org;
Madame;Jean;Richard;jean.richard689@example.com;0681166855;26/07/1991;92926 Nice;CAF0583303323;IODAS768758;referent.agent1@example.org;
Monsieur;Paul;Moreau;paul.moreau747@example.com;0689050262;13/05/1952;49172 Lyon;CAF0597176868;IODAS996328;referent.agent1@example.org;
Monsieur;Camille;Durand;camille.durand512@example.com;0613775623;02/02/1964;29796 Nantes;CAF0933659218;IODAS101544;referent.agent1@example.org;
Madame;Gaston;Moreau;gaston.moreau553@example.com;0607575488;17/11/1979;94840 Toulouse;CAF0024868154;IODAS389082;referent.agent2@example.org;
Monsieur;Émile;Moreau;émile.moreau46@example.com;0655656770;01/02/1964;59864 Montpellier;CAF0235717554;IODAS178854;referent.agent2@example.org;
Monsieur;Léa;Dubois;léa.dubois745@example.com;0657163697;22/08/1989;77433 Paris;CAF0274782287;IODAS971256;referent.agent5@example.org;
Monsieur;Manon;Roux;manon.roux921@example.com;0696409287;11/10/1953;68864 Montpellier;CAF0447102000;IODAS362091;referent.agent4@example.org;
Madame;Pierre;Garcia;pierre.garcia931@example.com;0624152772;14/08/1969;61865 Bordeaux;CAF0281097381;IODAS655447;referent.agent1@example.org;
Monsieur;Paul;Moreau;paul.moreau363@example.com;0607804629;06/05/1974;30974 Marseille;CAF0894067805;IODAS28318;referent.agent1@example.org;
Monsieur;Émile;Leroy;émile.leroy424@example.com;0656134874;01/04/1960;85409 Toulouse;CAF0731416820;IODAS82136;referent.agent1@example.org;
Monsieur;Inès;Lefebvre;inès.lefebvre889@example.com;0610261992;14/04/1953;17311 Strasbourg;CAF0686748031;IODAS752861;referent.agent1@example.org;
Monsieur;Pierre;Roux;pierre.roux318@example.com;0643816910;08/01/1954;93620 Montpellier;CAF0444341566;IODAS629859;referent.agent2@example.org;
Madame;Lucas;Garcia;lucas.garcia78@example.com;0616605284;12/05/1991;50443 Nantes;CAF0126192967;IODAS685120;referent.agent2@example.org;
Madame;Michel;Durand;michel.durand29@example.com;0686594771;12/05/1957;90019 Bordeaux;CAF0681045503;IODAS527637;referent.agent1@example.org;
Madame;Paul;Petit;paul.petit737@example.com;0621600477;25/04/1987;31061 Lille;CAF0766394185;IODAS901321;referent.agent1@example.org;
Madame;Gaston;Durand;gaston.durand268@example.com;0608363447;22/08/1979;86879 Nantes;CAF0022840149;IODAS302321;referent.agent4@example.org;
Monsieur;Julie;Moreau;julie.moreau97@example.com;0666216678;06/08/2004;60477 Lille;CAF0921860246;IODAS918421;referent.agent3@example.org;
Monsieur;Inès;Richard;inès.richard275@example.com;0626287709;28/04/1973;65467 Nantes;CAF0524911656;IODAS891262;referent.agent3@example.org;
Madame;Paul;Bernard;paul.bernard920@example.com;0663430917;10/07/1994;69472 Montpellier;CAF0773555478;IODAS129841;referent.agent2@example.org;
Madame;Émile;Richard;émile.richard786@example.com;0668729213;21/03/1980;94750 Bordeaux;CAF0644889887;IODAS17797;referent.agent4@example.org;
Madame;Julie;Garcia;julie.garcia26@example.com;0698910289;15/11/1985;34553 Lyon;CAF0223621290;IODAS480792;referent.agent2@example.org;
Madame;Paul;Dubois;paul.dubois526@example.com;0673419085;16/12/1955;65063 Nantes;CAF0199453974;IODAS272563;referent.agent1@example.org;
Monsieur;Paul;Simon;paul.simon440@example.com;0642787831;07/09/1997;19849 Lyon;CAF0343287482;IODAS853856;referent.agent5@example.org;
Monsieur;Émile;Martin;émile.martin437@example.com;0680280100;25/06/1976;72304 Nantes;CAF0625740120;IODAS232956;referent.agent4@example.org;
Madame;Inès;Thomas;inès.thomas781@example.com;0693997513;07/10/1954;59154 Montpellier;CAF0400306977;IODAS596638;referent.agent4@example.org;
Madame;Émile;Richard;émile.richard870@example.com;0626875965;14/08/1979;56539 Paris;CAF0977242515;IODAS693096;referent.agent4@example.org;
Madame;Sophie;Lefebvre;sophie.lefebvre217@example.com;0683858717;19/11/1979;92203 Nantes;CAF0778033110;IODAS762758;referent.agent4@example.org;
Madame;Émile;Leroy;émile.leroy856@example.com;0690846084;08/07/2004;42806 Toulouse;CAF0152874603;IODAS281478;referent.agent1@example.org;
Madame;Marie;Leroy;marie.leroy854@example.com;0680636693;24/09/1982;42585 Montpellier;CAF0636668282;IODAS382015;referent.agent1@example.org;
Monsieur;Émile;Martin;émile.martin500@example.com;0645266202;16/10/2000;36601 Montpellier;CAF0135555958;IODAS166950;referent.agent4@example.org;
Madame;Albert;Moreau;albert.moreau12@example.com;0657504705;01/01/2001;29017 Montpellier;CAF0466054212;IODAS537543;referent.agent2@example.org;
Monsieur;Marie;Durand;marie.durand657@example.com;0634849099;20/12/1951;63547 Montpellier;CAF0360997254;IODAS662208;referent.agent1@example.org;
Madame;Émile;Richard;émile.richard450@example.com;0681626899;20/09/1964;30172 Paris;CAF0051096742;IODAS549595;referent.agent5@example.org;
Madame;Marie;Leroy;marie.leroy812@example.com;0650021620;09/10/1951;11444 Lyon;CAF0239419773;IODAS917029;referent.agent5@example.org;
Madame;Michel;Leroy;michel.leroy193@example.com;0691764107;28/06/1997;55283 Nice;CAF0334616021;IODAS571949;referent.agent4@example.org;
Madame;Chloé;Moreau;chloé.moreau769@example.com;0613172162;07/10/1983;22122 Paris;CAF0321081008;IODAS782381;referent.agent5@example.org;
Madame;Inès;Bernard;inès.bernard955@example.com;0621336226;03/08/1961;23022 Nice;CAF0288557413;IODAS626198;referent.agent1@example.org;
Monsieur;Pierre;Laurent;pierre.laurent940@example.com;0644509314;26/12/1952;10017 Nice;CAF0762614718;IODAS286059;referent.agent2@example.org;
Madame;Paul;Durand;paul.durand643@example.com;0613577162;10/07/2004;54140 Toulouse;CAF0160588425;IODAS608709;referent.agent1@example.org;
Madame;Chloé;Roux;chloé.roux19@example.com;0689766864;04/05/1964;73536 Strasbourg;CAF0120907636;IODAS889735;referent.agent4@example.org;
Monsieur;Marie;Lefebvre;marie.lefebvre405@example.com;0693515775;14/04/1966;27076 Paris;CAF0026708380;IODAS189412;referent.agent5@example.org;
Monsieur;Jean;Leroy;jean.leroy294@example.com;0689761959;02/07/1958;54337 Montpellier;CAF0437925682;IODAS261302;referent.agent1@example.org;
Madame;Lucas;Richard;lucas.richard238@example.com;0638951726;18/02/1969;89259 Strasbourg;CAF0127502066;IODAS832901;referent.agent3@example.org;
Madame;Inès;Petit;inès.petit900@example.com;0678577329;14/11/2002;88419 Bordeaux;CAF0071830607;IODAS89844;referent.agent1@example.org;
Madame;Camille;Petit;camille.petit837@example.com;0610323069;26/03/1963;52335 Montpellier;CAF0979870979;IODAS665510;referent.agent4@example.org;
Madame;Julie;Dubois;julie.dubois809@example.com;0685046169;12/12/1962;28259 Strasbourg;CAF0487404342;IODAS344883;referent.agent5@example.org;
Monsieur;Gaston;Bernard;gaston.bernard974@example.com;0609541442;18/06/1976;73923 Montpellier;CAF0011422023;IODAS346143;referent.agent4@example.org;
Monsieur;Albert;Richard;albert.richard55@example.com;0659554835;20/04/1982;11395 Strasbourg;CAF0922282302;IODAS747503;referent.agent3@example.org;
Monsieur;Léa;Moreau;léa.moreau624@example.com;0687737943;25/03/2002;33458 Bordeaux;CAF0248563877;IODAS449336;referent.agent1@example.org;
Madame;Marie;Richard;marie.richard189@example.com;0675793997;09/02/1958;21451 Paris;CAF0607938159;IODAS634448;referent.agent4@example.org;
Madame;Manon;Laurent;manon.laurent543@example.com;0620021987;07/08/1998;66366 Toulouse;CAF0145593532;IODAS768594;referent.agent1@example.org;
Madame;Chloé;Petit;chloé.petit834@example.com;0636855305;12/06/1973;67474 Montpellier;CAF0207670830;IODAS724039;referent.agent1@example.org;
Madame;Jean;Moreau;jean.moreau415@example.com;0613833034;22/08/1972;53228 Nantes;CAF0781239248;IODAS874877;referent.agent3@example.org;
Monsieur;Camille;Bernard;camille.bernard785@example.com;0676287382;01/01/1998;14366 Nantes;CAF0207051499;IODAS733217;referent.agent1@example.org;
Monsieur;Sophie;Simon;sophie.simon74@example.com;0671701591;28/10/1964;75036 Lyon;CAF0732792926;IODAS112910;referent.agent5@example.org;
Madame;Michel;Richard;michel.richard997@example.com;0685461134;04/04/1962;36037 Montpellier;CAF0787595775;IODAS318242;referent.agent4@example.org;
Monsieur;Émile;Richard;émile.richard567@example.com;0603920956;17/03/1971;66170 Toulouse;CAF0411269377;IODAS278195;referent.agent5@example.org;
Monsieur;Chloé;Lefebvre;chloé.lefebvre804@example.com;0608139832;18/12/2004;25820 Montpellier;CAF0043867443;IODAS510131;referent.agent4@example.org;
Monsieur;Chloé;Lefebvre;chloé.lefebvre417@example.com;0689688740;19/08/1989;68952 Bordeaux;CAF0479168884;IODAS711834;referent.agent3@example.org;
Monsieur;Émile;Durand;émile.durand219@example.com;0632211039;19/12/1991;49387 Lille;CAF0666208136;IODAS521940;referent.agent1@example.org;
Monsieur;Marie;Roux;marie.roux465@example.com;0682969988;03/07/1973;34398 Nice;CAF0174347252;IODAS869756;referent.agent2@example.org;
Madame;Chloé;Laurent;chloé.laurent983@example.com;0612337342;06/05/1953;95512 Strasbourg;CAF0324683707;IODAS717428;referent.agent3@example.org;
Madame;Sophie;Bernard;sophie.bernard519@example.com;0669334270;23/11/1996;95012 Nice;CAF0600232513;IODAS588827;referent.agent4@example.org;
Madame;Émile;Roux;émile.roux46@example.com;0613111452;06/02/1967;49708 Lille;CAF0519730939;IODAS415085;referent.agent4@example.org;
Monsieur;Gaston;Petit;gaston.petit30@example.com;0632773641;16/05/1984;13992 Montpellier;CAF0253339296;IODAS956960;referent.agent2@example.org;
Madame;Pierre;Dubois;pierre.dubois62@example.com;0697624980;12/06/1993;92793 Montpellier;CAF0933177492;IODAS309695;referent.agent3@example.org;
Madame;Chloé;Robert;chloé.robert243@example.com;0664626907;22/08/2004;89286 Bordeaux;CAF0560482571;IODAS652488;referent.agent4@example.org;
Madame;Sophie;Dupont;sophie.dupont115@example.com;0685707144;03/05/1987;51298 Toulouse;CAF0192868276;IODAS590420;referent.agent1@example.org;
Monsieur;Inès;Laurent;inès.laurent995@example.com;0650197630;25/12/1988;46345 Nantes;CAF0884417757;IODAS31375;referent.agent5@example.org;
Monsieur;Paul;Lefebvre;paul.lefebvre86@example.com;0601529124;25/08/1958;37651 Bordeaux;CAF0944337171;IODAS161880;referent.agent1@example.org;
Monsieur;Pierre;Dupont;pierre.dupont429@example.com;0656083769;05/10/1965;19319 Montpellier;CAF0387391864;IODAS356691;referent.agent2@example.org;
Madame;Julie;Garcia;julie.garcia767@example.com;0657625331;24/07/1958;85175 Montpellier;CAF0622408899;IODAS422649;referent.agent2@example.org;
Madame;Michel;Bernard;michel.bernard540@example.com;0694016997;21/08/1962;51621 Bordeaux;CAF0513452764;IODAS383851;referent.agent5@example.org;
Madame;Sophie;Simon;sophie.simon16@example.com;0634053415;23/03/1979;88353 Lille;CAF0604890568;IODAS914068;referent.agent5@example.org;
Monsieur;Léa;Petit;léa.petit383@example.com;0605133301;05/08/1956;36510 Nantes;CAF0485182769;IODAS551399;referent.agent4@example.org;
Madame;Julie;Garcia;julie.garcia911@example.com;0646091702;25/08/1988;33469 Nantes;CAF0189466750;IODAS510330;referent.agent5@example.org;
Madame;Michel;Roux;michel.roux149@example.com;0603443998;11/05/1995;93803 Nantes;CAF0742953478;IODAS534775;referent.agent4@example.org;
Madame;Michel;Martin;michel.martin969@example.com;0607869378;12/02/1959;10552 Nantes;CAF0839342555;IODAS164299;referent.agent3@example.org;
Monsieur;Émile;Durand;émile.durand562@example.com;0641345031;14/02/1986;26239 Strasbourg;CAF0195468680;IODAS852432;referent.agent1@example.org;
Madame;Pierre;Garcia;pierre.garcia817@example.com;0684843455;09/04/1967;70429 Nantes;CAF0224655233;IODAS669426;referent.agent2@example.org;
Madame;Gaston;Dupont;gaston.dupont897@example.com;0662397080;15/12/1960;47400 Marseille;CAF0981592943;IODAS996924;referent.agent3@example.org;
Monsieur;Michel;Laurent;michel.laurent863@example.com;0674755204;07/05/2002;30698 Toulouse;CAF0797449690;IODAS821251;referent.agent2@example.org;
Monsieur;Jean;Bernard;jean.bernard332@example.com;0652094132;01/09/1995;18433 Toulouse;CAF0618721466;IODAS804876;referent.agent5@example.org;
Monsieur;Émile;Garcia;émile.garcia922@example.com;0618532507;09/10/1962;56415 Lille;CAF0085200171;IODAS835264;referent.agent2@example.org;
Madame;Paul;Petit;paul.petit409@example.com;0632871818;16/04/1955;58233 Lille;CAF0064022916;IODAS348749;referent.agent1@example.org;
Madame;Pierre;Robert;pierre.robert780@example.com;0624463710;25/08/1998;12988 Lille;CAF0759496495;IODAS461077;referent.agent3@example.org;
Madame;Pierre;Leroy;pierre.leroy216@example.com;0686042522;28/07/1969;23969 Nantes;CAF0610375529;IODAS592676;referent.agent1@example.org;
Monsieur;Pierre;Garcia;pierre.garcia656@example.com;0660222359;18/05/1975;23189 Strasbourg;CAF0683307625;IODAS631893;referent.agent5@example.org;
Madame;Jean;Leroy;jean.leroy723@example.com;0637837688;06/09/1999;87839 Lille;CAF0654159819;IODAS34550;referent.agent1@example.org;
Madame;Camille;Dubois;camille.dubois259@example.com;0663304475;11/05/1975;74255 Lille;CAF0043695081;IODAS883419;referent.agent2@example.org;
Monsieur;Sophie;Robert;sophie.robert252@example.com;0670781889;13/09/1990;88213 Paris;CAF0129780647;IODAS886767;referent.agent5@example.org;
Madame;Gaston;Laurent;gaston.laurent801@example.com;0625016867;24/09/1994;26831 Lille;CAF0638806627;IODAS431366;referent.agent3@example.org;
Monsieur;Gaston;Dupont;gaston.dupont197@example.com;0699435366;26/02/1952;12149 Strasbourg;CAF0528226991;IODAS577230;referent.agent2@example.org;
Madame;Paul;Garcia;paul.garcia938@example.com;0627230941;05/10/1995;20812 Bordeaux;CAF0975386094;IODAS940858;referent.agent2@example.org;
Madame;Camille;Lefebvre;camille.lefebvre187@example.com;0693793857;17/08/1987;18126 Lille;CAF0901757468;IODAS226404;referent.agent3@example.org;
Monsieur;Paul;Thomas;paul.thomas532@example.com;0640909295;06/04/1960;39926 Nice;CAF0176485335;IODAS769957;referent.agent3@example.org;
Monsieur;Camille;Robert;camille.robert673@example.com;0656178074;09/07/1986;92181 Lille;CAF0973809248;IODAS387999;referent.agent2@example.org;
Madame;Émile;Durand;émile.durand918@example.com;0629815936;02/02/1970;37688 Lille;CAF0187316199;IODAS410746;referent.agent3@example.org;
Monsieur;Camille;Thomas;camille.thomas918@example.com;0643598669;15/09/1995;70406 Lyon;CAF0132919946;IODAS361730;referent.agent4@example.org;
Madame;Michel;Lefebvre;michel.lefebvre942@example.com;0617445178;01/03/1982;13710 Toulouse;CAF0737086890;IODAS799466;referent.agent4@example.org;
Madame;Gaston;Moreau;gaston.moreau354@example.com;0658130289;04/04/1989;42895 Strasbourg;CAF0614443075;IODAS376984;referent.agent1@example.org;
Monsieur;Émile;Moreau;émile.moreau43@example.com;0678739127;10/08/1979;22255 Lille;CAF0495664956;IODAS827599;referent.agent5@example.org;
Madame;Sophie;Durand;sophie.durand782@example.com;0657693260;27/08/1987;80943 Strasbourg;CAF0402524339;IODAS778481;referent.agent2@example.org;
Monsieur;Marie;Simon;marie.simon958@example.com;0641545910;22/09/1983;42887 Lille;CAF0618314410;IODAS347427;referent.agent2@example.org;
Madame;Émile;Petit;émile.petit468@example.com;0687096936;03/01/1970;25177 Toulouse;CAF0201774093;IODAS694257;referent.agent5@example.org;
Madame;Pierre;Richard;pierre.richard436@example.com;0600385497;09/06/1957;33844 Strasbourg;CAF0868867467;IODAS870709;referent.agent2@example.org;
Madame;Lucas;Dupont;lucas.dupont612@example.com;0663720936;25/09/1965;82354 Toulouse;CAF0943338452;IODAS963799;referent.agent4@example.org;
Monsieur;Jean;Roux;jean.roux541@example.com;0614648185;19/09/1961;16727 Toulouse;CAF0370609879;IODAS86919;referent.agent3@example.org;
Madame;Chloé;Richard;chloé.richard599@example.com;0677119727;02/10/1967;30667 Lille;CAF0252700566;IODAS597932;referent.agent4@example.org;
Monsieur;Michel;Dubois;michel.dubois681@example.com;0611220816;12/06/1969;69718 Toulouse;CAF0104261313;IODAS633014;referent.agent4@example.org;
Monsieur;Manon;Durand;manon.durand920@example.com;0616056109;16/03/1984;52592 Strasbourg;CAF0490933797;IODAS957053;referent.agent4@example.org;
Madame;Émile;Thomas;émile.thomas772@example.com;0626633613;14/03/1980;21620 Lyon;CAF0647783989;IODAS587782;referent.agent1@example.org;
Madame;Pierre;Dupont;pierre.dupont222@example.com;0644322509;14/12/1981;52482 Toulouse;CAF0645618450;IODAS648905;referent.agent3@example.org;
Monsieur;Sophie;Moreau;sophie.moreau599@example.com;0687210227;05/08/1963;88857 Marseille;CAF0318133975;IODAS75872;referent.agent1@example.org;
Madame;Pierre;Leroy;pierre.leroy235@example.com;0682256283;26/02/1969;39432 Montpellier;CAF0253970679;IODAS93963;referent.agent5@example.org;
Monsieur;Chloé;Dupont;chloé.dupont328@example.com;0686811877;09/05/1972;32882 Nantes;CAF0815484545;IODAS36209;referent.agent4@example.org;
Monsieur;Albert;Bernard;albert.bernard368@example.com;0667514412;08/07/1955;14157 Bordeaux;CAF0050268290;IODAS584889;referent.agent3@example.org;
Madame;Émile;Simon;émile.simon734@example.com;0661059322;06/07/1988;59978 Nantes;CAF0961796285;IODAS408242;referent.agent1@example.org;
Monsieur;Pierre;Richard;pierre.richard443@example.com;0609864718;16/09/1985;73882 Toulouse;CAF0562388290;IODAS404264;referent.agent3@example.org;
Monsieur;Léa;Lefebvre;léa.lefebvre771@example.com;0636151002;16/09/2003;71797 Lyon;CAF0748830432;IODAS11750;referent.agent1@example.org;
Monsieur;Émile;Martin;émile.martin689@example.com;0650459106;19/03/1970;34775 Nantes;CAF0060679345;IODAS570205;referent.agent5@example.org;
Monsieur;Pierre;Dubois;pierre.dubois160@example.com;0665393897;28/05/1957;67987 Strasbourg;CAF0827721223;IODAS130747;referent.agent5@example.org;
Monsieur;Manon;Richard;manon.richard854@example.com;0684893614;15/12/1986;60745 Nantes;CAF0692211364;IODAS375059;referent.agent2@example.org;
Madame;Jean;Robert;jean.robert132@example.com;0634448024;12/09/1957;89319 Lyon;CAF0207625216;IODAS987628;referent.agent3@example.org;
Monsieur;Manon;Petit;manon.petit270@example.com;0604608558;21/02/1994;55253 Paris;CAF0759979197;IODAS987001;referent.agent2@example.org;
Madame;Gaston;Lefebvre;gaston.lefebvre556@example.com;0617376069;19/04/1968;63383 Nantes;CAF0866960945;IODAS502339;referent.agent4@example.org;
Monsieur;Camille;Laurent;camille.laurent955@example.com;0610030905;09/12/1983;22640 Nice;CAF0900841589;IODAS944105;referent.agent4@example.org;
Monsieur;Michel;Thomas;michel.thomas530@example.com;0663828584;05/06/1967;62240 Lyon;CAF0037968751;IODAS888600;referent.agent1@example.org;
Monsieur;Marie;Durand;marie.durand507@example.com;0600847307;19/04/1952;16603 Montpellier;CAF0218858678;IODAS444587;referent.agent5@example.org;
Madame;Lucas;Dubois;lucas.dubois19@example.com;0608715754;02/08/1978;67146 Marseille;CAF0578886412;IODAS643755;referent.agent3@example.org;
Monsieur;Camille;Durand;camille.durand977@example.com;0618744303;19/12/1951;70316 Lille;CAF0562630588;IODAS461739;referent.agent4@example.org;
Madame;Camille;Simon;camille.simon206@example.com;0696023524;07/04/1958;93004 Bordeaux;CAF0818054983;IODAS867489;referent.agent4@example.org;
Monsieur;Émile;Petit;émile.petit876@example.com;0688260228;24/05/2002;54481 Lyon;CAF0324967238;IODAS396607;referent.agent2@example.org;
Madame;Jean;Durand;jean.durand812@example.com;0622945174;17/02/1972;23560 Toulouse;CAF0179544580;IODAS821699;referent.agent2@example.org;
Madame;Émile;Simon;émile.simon692@example.com;0619358081;13/12/1979;17008 Bordeaux;CAF0504328222;IODAS117869;referent.agent4@example.org;
Madame;Lucas;Bernard;lucas.bernard44@example.com;0680565557;14/01/1958;74233 Marseille;CAF0566360301;IODAS755469;referent.agent1@example.org;
Madame;Camille;Petit;camille.petit636@example.com;0616831092;18/09/1980;27669 Montpellier;CAF0037195764;IODAS118387;referent.agent4@example.org;
Madame;Marie;Moreau;marie.moreau407@example.com;0695380983;11/05/1959;39147 Lyon;CAF0998623857;IODAS250557;referent.agent5@example.org;
Madame;Gaston;Robert;gaston.robert179@example.com;0626290736;02/03/1950;95829 Lyon;CAF0696460002;IODAS221176;referent.agent3@example.org;
Madame;Émile;Roux;émile.roux265@example.com;0687262218;09/06/1977;46659 Bordeaux;CAF0205747795;IODAS77540;referent.agent2@example.org;
Monsieur;Marie;Richard;marie.richard618@example.com;0677590897;17/09/1967;54024 Nice;CAF0534590093;IODAS418392;referent.agent2@example.org;
Madame;Camille;Richard;camille.richard232@example.com;0617301317;18/10/2003;43042 Marseille;CAF0618991507;IODAS168571;referent.agent4@example.org;
Monsieur;Pierre;Moreau;pierre.moreau484@example.com;0695536289;20/04/1955;24419 Marseille;CAF0037829697;IODAS669495;referent.agent1@example.org;
Monsieur;Michel;Laurent;michel.laurent923@example.com;0609537086;07/09/1996;65057 Nice;CAF0419353661;IODAS954010;referent.agent1@example.org;
Madame;Léa;Robert;léa.robert670@example.com;0609252479;14/01/1971;95901 Toulouse;CAF0047559119;IODAS404558;referent.agent3@example.org;
Monsieur;Albert;Garcia;albert.garcia725@example.com;0616637487;02/10/1951;68187 Bordeaux;CAF0863941943;IODAS495730;referent.agent5@example.org;
Monsieur;Michel;Dubois;michel.dubois350@example.com;0628233413;08/07/1983;52336 Montpellier;CAF0257156225;IODAS476257;referent.agent5@example.org;
Monsieur;Émile;Thomas;émile.thomas492@example.com;0626166416;02/02/1961;56860 Montpellier;CAF0826228217;IODAS578283;referent.agent3@example.org;
Madame;Gaston;Richard;gaston.richard781@example.com;0680636048;04/11/2005;38760 Toulouse;CAF0690676734;IODAS532186;referent.agent3@example.org;
Monsieur;Paul;Durand;paul.durand576@example.com;0668810493;28/10/2004;23484 Bordeaux;CAF0812760519;IODAS210009;referent.agent2@example.org;
Madame;Émile;Petit;émile.petit576@example.com;0619283349;04/08/1951;16430 Strasbourg;CAF0662463590;IODAS107946;referent.agent4@example.org;
Monsieur;Lucas;Leroy;lucas.leroy833@example.com;0680275051;20/11/1965;22580 Lyon;CAF0903982468;IODAS499415;referent.agent4@example.org;
Monsieur;Jean;Richard;jean.richard718@example.com;0660809557;10/04/1985;71048 Lyon;CAF0925812549;IODAS399982;referent.agent3@example.org;
Monsieur;Inès;Laurent;inès.laurent670@example.com;0661157037;09/08/1957;69530 Bordeaux;CAF0369405122;IODAS811386;referent.agent5@example.org;
Madame;Pierre;Bernard;pierre.bernard587@example.com;0618531272;14/08/2003;22599 Nantes;CAF0694784989;IODAS423089;referent.agent3@example.org;
Monsieur;Manon;Robert;manon.robert390@example.com;0682005166;19/05/1963;14060 Bordeaux;CAF0419554436;IODAS212191;referent.agent2@example.org;
Monsieur;Lucas;Dupont;lucas.dupont171@example.com;0660165567;11/02/1961;86502 Bordeaux;CAF0829149991;IODAS279028;referent.agent5@example.org;
Monsieur;Gaston;Thomas;gaston.thomas237@example.com;0689554033;26/01/1962;31778 Paris;CAF0650761753;IODAS958787;referent.agent1@example.org;
Monsieur;Gaston;Moreau;gaston.moreau265@example.com;0662515534;14/01/1981;88672 Lille;CAF0337751080;IODAS488129;referent.agent2@example.org;
Monsieur;Albert;Martin;albert.martin250@example.com;0670182826;13/06/2004;21197 Strasbourg;CAF0108404038;IODAS5127;referent.agent4@example.org;
Monsieur;Lucas;Richard;lucas.richard547@example.com;0641891017;05/03/1976;82805 Lille;CAF0678759682;IODAS598871;referent.agent5@example.org;
Madame;Manon;Leroy;manon.leroy892@example.com;0649668429;25/01/1994;86152 Toulouse;CAF0888933028;IODAS768454;referent.agent1@example.org;
Madame;Sophie;Moreau;sophie.moreau619@example.com;0642606809;15/01/1959;31007 Toulouse;CAF0297077202;IODAS932177;referent.agent2@example.org;
Madame;Paul;Bernard;paul.bernard36@example.com;0604320156;02/12/1988;11657 Nantes;CAF0039485061;IODAS60678;referent.agent2@example.org;
Monsieur;Jean;Bernard;jean.bernard629@example.com;0667390729;14/08/1959;16400 Paris;CAF0329720449;IODAS767566;referent.agent3@example.org;
Monsieur;Léa;Martin;léa.martin772@example.com;0694564362;06/07/1955;80014 Nice;CAF0989927156;IODAS751742;referent.agent3@example.org;
Monsieur;Julie;Simon;julie.simon660@example.com;0675286131;21/01/1962;57675 Toulouse;CAF0427203474;IODAS628810;referent.agent5@example.org;
Madame;Gaston;Dupont;gaston.dupont506@example.com;0694640095;19/09/1971;86642 Marseille;CAF0625229445;IODAS713809;referent.agent5@example.org;
Madame;Paul;Robert;paul.robert728@example.com;0634423717;04/08/1969;68220 Nantes;CAF0876001464;IODAS100079;referent.agent2@example.org;
Monsieur;Pierre;Bernard;pierre.bernard165@example.com;0645552234;05/05/1974;10789 Nantes;CAF0004976050;IODAS507832;referent.agent2@example.org;
Monsieur;Camille;Bernard;camille.bernard185@example.com;0641274931;13/11/1960;47219 Lille;CAF0236559489;IODAS246666;referent.agent4@example.org;
Monsieur;Julie;Simon;julie.simon295@example.com;0694694321;01/10/1969;62688 Paris;CAF0484689827;IODAS912712;referent.agent3@example.org;
Monsieur;Paul;Martin;paul.martin452@example.com;0689075685;11/09/1997;24577 Marseille;CAF0393816526;IODAS903559;referent.agent2@example.org;
Madame;Léa;Petit;léa.petit447@example.com;0607014554;09/11/1980;59795 Lyon;CAF0961812909;IODAS157203;referent.agent1@example.org;
Madame;Camille;Richard;camille.richard517@example.com;0649211252;05/02/2003;66504 Nantes;CAF0981697357;IODAS175593;referent.agent1@example.org;
Madame;Albert;Garcia;albert.garcia44@example.com;0683872813;13/06/1981;61504 Montpellier;CAF0946238543;IODAS197734;referent.agent2@example.org;
Monsieur;Julie;Dubois;julie.dubois250@example.com;0680358735;06/12/1971;10671 Paris;CAF0274329804;IODAS817717;referent.agent5@example.org;
Monsieur;Chloé;Dupont;chloé.dupont702@example.com;0647234637;21/11/1997;44939 Paris;CAF0530743759;IODAS539398;referent.agent2@example.org;
Monsieur;Gaston;Garcia;gaston.garcia152@example.com;0688190758;22/10/1954;67001 Marseille;CAF0281688970;IODAS62428;referent.agent4@example.org;
Madame;Inès;Dupont;inès.dupont990@example.com;0646125553;02/12/1958;79305 Toulouse;CAF0071705525;IODAS771007;referent.agent2@example.org;
Madame;Gaston;Moreau;gaston.moreau935@example.com;0676463495;01/08/1980;81850 Nantes;CAF0022473430;IODAS633102;referent.agent3@example.org;
Madame;Albert;Lefebvre;albert.lefebvre384@example.com;0662404254;05/10/2004;26843 Toulouse;CAF0366289881;IODAS640479;referent.agent4@example.org;
Madame;Paul;Simon;paul.simon902@example.com;0695820198;12/01/1962;77984 Montpellier;CAF0819329427;IODAS469375;referent.agent2@example.org;
Monsieur;Manon;Bernard;manon.bernard324@example.com;0616056166;13/04/1991;26411 Nice;CAF0200544260;IODAS645591;referent.agent3@example.org;
Madame;Manon;Leroy;manon.leroy594@example.com;0624860748;22/05/2005;30987 Strasbourg;CAF0417123921;IODAS624455;referent.agent3@example.org;
Madame;Albert;Dupont;albert.dupont740@example.com;0607920645;04/01/1974;91728 Montpellier;CAF0196540256;IODAS901533;referent.agent1@example.org;
Monsieur;Camille;Roux;camille.roux349@example.com;0637060350;09/05/1999;54078 Lyon;CAF0629051477;IODAS283994;referent.agent4@example.org;
Madame;Julie;Laurent;julie.laurent514@example.com;0696756460;01/03/1959;78429 Lyon;CAF0375374285;IODAS851170;referent.agent3@example.org;
Monsieur;Camille;Richard;camille.richard890@example.com;0620392815;24/06/1962;73209 Strasbourg;CAF0392402192;IODAS586793;referent.agent1@example.org;
Madame;Marie;Dubois;marie.dubois912@example.com;0663234597;27/01/1967;64545 Marseille;CAF0354517674;IODAS915968;referent.agent5@example.org;
Madame;Gaston;Petit;gaston.petit618@example.com;0690549743;02/10/1959;90986 Paris;CAF0065772169;IODAS786472;referent.agent2@example.org;
Madame;Marie;Dubois;marie.dubois765@example.com;0648908858;06/09/1979;34484 Toulouse;CAF0089040300;IODAS753860;referent.agent4@example.org;
Monsieur;Marie;Simon;marie.simon807@example.com;0614246330;13/09/1983;72025 Bordeaux;CAF0707659291;IODAS764539;referent.agent1@example.org;
Monsieur;Léa;Garcia;léa.garcia924@example.com;0614432404;28/02/1968;53491 Strasbourg;CAF0124411149;IODAS164076;referent.agent4@example.org;
Madame;Chloé;Durand;chloé.durand337@example.com;0666183359;12/04/1976;91492 Lyon;CAF0275641962;IODAS187916;referent.agent1@example.org;
Monsieur;Chloé;Dupont;chloé.dupont422@example.com;0680974728;28/05/2004;30033 Toulouse;CAF0145090840;IODAS982196;referent.agent2@example.org;
Monsieur;Manon;Dubois;manon.dubois409@example.com;0660972584;13/07/2001;18754 Strasbourg;CAF0643863338;IODAS296311;referent.agent3@example.org;
Monsieur;Paul;Robert;paul.robert330@example.com;0639524621;06/07/1966;35014 Lille;CAF0709453797;IODAS92344;referent.agent3@example.org;
Monsieur;Marie;Dupont;marie.dupont164@example.com;0669757349;16/04/1971;26436 Marseille;CAF0130655897;IODAS715724;referent.agent1@example.org;
Madame;Pierre;Robert;pierre.robert242@example.com;0643664197;15/11/1955;47088 Lyon;CAF0987984498;IODAS64315;referent.agent4@example.org;
Monsieur;Julie;Martin;julie.martin752@example.com;0623434363;24/06/1996;39226 Nantes;CAF0560238353;IODAS728810;referent.agent1@example.org;
Monsieur;Marie;Leroy;marie.leroy154@example.com;0624130958;24/06/1994;52240 Montpellier;CAF0043902423;IODAS713035;referent.agent4@example.org;
Madame;Inès;Dubois;inès.dubois535@example.com;0691984597;06/10/1995;47750 Nantes;CAF0760991317;IODAS675598;referent.agent3@example.org;
Madame;Léa;Laurent;léa.laurent830@example.com;0685800346;01/04/1992;40488 Montpellier;CAF0266336220;IODAS855235;referent.agent2@example.org;
Monsieur;Gaston;Garcia;gaston.garcia481@example.com;0673191140;10/05/1996;95286 Toulouse;CAF0244367739;IODAS47705;referent.agent2@example.org;
Madame;Jean;Roux;jean.roux209@example.com;0675941591;10/02/1956;93124 Paris;CAF0713827056;IODAS41625;referent.agent5@example.org;
Monsieur;Albert;Garcia;albert.garcia61@example.com;0606576283;15/02/1982;78178 Bordeaux;CAF0419924513;IODAS966460;referent.agent1@example.org;
Monsieur;Inès;Garcia;inès.garcia388@example.com;0679012500;23/12/1977;15281 Lille;CAF0778668400;IODAS650393;referent.agent2@example.org;
Madame;Michel;Roux;michel.roux966@example.com;0637499856;12/07/1984;23874 Paris;CAF0005840248;IODAS392026;referent.agent5@example.org;
Monsieur;Paul;Bernard;paul.bernard33@example.com;0643278081;21/11/1972;67762 Montpellier;CAF0254369804;IODAS727705;referent.agent3@example.org;
Madame;Paul;Garcia;paul.garcia819@example.com;0678899185;21/04/1987;81681 Lyon;CAF0319296083;IODAS673619;referent.agent1@example.org;
Monsieur;Michel;Simon;michel.simon916@example.com;0621151035;17/01/1956;47937 Nice;CAF0146186106;IODAS2380;referent.agent5@example.org;
Madame;Paul;Durand;paul.durand867@example.com;0629460017;11/09/2002;30215 Paris;CAF0467436488;IODAS743260;referent.agent4@example.org;
Madame;Paul;Bernard;paul.bernard337@example.com;0676860081;23/07/1970;11584 Lyon;CAF0643327229;IODAS177758;referent.agent5@example.org;
Madame;Léa;Richard;léa.richard720@example.com;0614586791;02/09/1990;90086 Bordeaux;CAF0081821795;IODAS700837;referent.agent4@example.org;
Monsieur;Julie;Richard;julie.richard910@example.com;0679220177;28/01/1983;21543 Toulouse;CAF0551530639;IODAS742201;referent.agent2@example.org;
Monsieur;Lucas;Durand;lucas.durand759@example.com;0620548769;25/03/1977;23556 Paris;CAF0551393841;IODAS968491;referent.agent2@example.org;
Madame;Paul;Richard;paul.richard352@example.com;0603997796;08/09/1985;77150 Nantes;CAF0333913531;IODAS112156;referent.agent4@example.org;
Madame;Camille;Moreau;camille.moreau423@example.com;0633950396;23/07/1967;47581 Nice;CAF0403999791;IODAS830521;referent.agent1@example.org;
Madame;Émile;Bernard;émile.bernard572@example.com;0674795766;08/07/2002;67074 Strasbourg;CAF0263276583;IODAS502474;referent.agent3@example.org;
Monsieur;Émile;Roux;émile.roux802@example.com;0678191482;06/04/1973;40199 Lyon;CAF0846950438;IODAS346064;referent.agent1@example.org;
Madame;Chloé;Durand;chloé.durand693@example.com;0669982670;22/06/1975;73022 Montpellier;CAF0824411685;IODAS705663;referent.agent4@example.org;
Madame;Camille;Garcia;camille.garcia898@example.com;0657267257;12/11/1951;66949 Nantes;CAF0739539480;IODAS924435;referent.agent5@example.org;
Monsieur;Gaston;Moreau;gaston.moreau748@example.com;0667856151;13/01/1998;19631 Marseille;CAF0191199055;IODAS32775;referent.agent2@example.org;
Madame;Sophie;Petit;sophie.petit447@example.com;0617192465;23/03/1950;42229 Lille;CAF0558169768;IODAS1382;referent.agent3@example.org;
Monsieur;Paul;Durand;paul.durand640@example.com;0643180026;15/05/1996;65798 Strasbourg;CAF0554945303;IODAS131613;referent.agent4@example.org;
Madame;Léa;Leroy;léa.leroy850@example.com;0679119224;02/10/2002;66488 Paris;CAF0606283228;IODAS156881;referent.agent4@example.org;
Madame;Sophie;Durand;sophie.durand478@example.com;0682006108;16/11/1961;53869 Lyon;CAF0888757251;IODAS198531;referent.agent1@example.org;
Monsieur;Émile;Laurent;émile.laurent939@example.com;0632001661;03/12/1985;21453 Strasbourg;CAF0114276493;IODAS893886;referent.agent3@example.org;
Monsieur;Émile;Simon;émile.simon229@example.com;0683906017;02/04/1966;85464 Toulouse;CAF0078006866;IODAS43684;referent.agent5@example.org;
Monsieur;Paul;Bernard;paul.bernard990@example.com;0636505451;21/08/1983;16953 Strasbourg;CAF0923259870;IODAS410312;referent.agent3@example.org;
Madame;Jean;Robert;jean.robert619@example.com;0659540848;05/03/1964;53780 Toulouse;CAF0421836011;IODAS962624;referent.agent3@example.org;
Monsieur;Léa;Leroy;léa.leroy822@example.com;0667062451;06/08/1950;64547 Bordeaux;CAF0337385377;IODAS376961;referent.agent1@example.org;
Madame;Michel;Dubois;michel.dubois373@example.com;0662297959;09/03/1963;62349 Nice;CAF0620517836;IODAS205925;referent.agent2@example.org;
Madame;Chloé;Dupont;chloé.dupont38@example.com;0660717230;17/07/1985;18577 Paris;CAF0504720674;IODAS725063;referent.agent4@example.org;
Madame;Inès;Dupont;inès.dupont832@example.com;0608035524;22/09/2004;44773 Toulouse;CAF0935883268;IODAS602691;referent.agent3@example.org;
Monsieur;Camille;Simon;camille.simon856@example.com;0690556720;19/08/2005;36787 Nantes;CAF0218996739;IODAS673456;referent.agent5@example.org;
Madame;Manon;Bernard;manon.bernard801@example.com;0643486787;10/10/1964;23813 Marseille;CAF0138951969;IODAS917135;referent.agent1@example.org;
Madame;Michel;Dupont;michel.dupont956@example.com;0605075231;19/01/2002;82765 Nice;CAF0028910551;IODAS376493;referent.agent2@example.org;
Madame;Paul;Roux;paul.roux474@example.com;0659242584;05/02/1970;23927 Lyon;CAF0760115715;IODAS522086;referent.agent3@example.org;
Madame;Sophie;Simon;sophie.simon700@example.com;0666763107;05/01/1977;31263 Nantes;CAF0091608309;IODAS470081;referent.agent1@example.org;
Monsieur;Albert;Simon;albert.simon350@example.com;0684804922;10/11/1981;93091 Nice;CAF0506614155;IODAS962936;referent.agent5@example.org;
Monsieur;Camille;Leroy;camille.leroy298@example.com;0661298342;25/11/1989;89311 Marseille;CAF0881756503;IODAS340996;referent.agent1@example.org;
Madame;Sophie;Richard;sophie.richard846@example.com;0696116872;07/08/1985;25872 Toulouse;CAF0430508907;IODAS45793;referent.agent2@example.org;
Monsieur;Manon;Martin;manon.martin698@example.com;0677360585;24/05/1953;35411 Bordeaux;CAF0856209463;IODAS989544;referent.agent5@example.org;
Madame;Jean;Simon;jean.simon77@example.com;0606666381;17/02/1958;47727 Bordeaux;CAF0256475530;IODAS672249;referent.agent5@example.org;
Monsieur;Inès;Dubois;inès.dubois120@example.com;0668986456;02/04/2005;87548 Marseille;CAF0267337779;IODAS524436;referent.agent5@example.org;
Monsieur;Sophie;Lefebvre;sophie.lefebvre573@example.com;0685914492;25/03/1961;71513 Nice;CAF0044976677;IODAS617358;referent.agent5@example.org;
Monsieur;Léa;Leroy;léa.leroy347@example.com;0628615987;05/08/1999;47779 Bordeaux;CAF0289412024;IODAS271257;referent.agent3@example.org;
Monsieur;Julie;Lefebvre;julie.lefebvre340@example.com;0600787620;24/05/1985;56419 Lille;CAF0186199071;IODAS125766;referent.agent1@example.org;
Monsieur;Jean;Dubois;jean.dubois279@example.com;0698485302;19/04/1955;26048 Toulouse;CAF0747620974;IODAS517193;referent.agent3@example.org;
Monsieur;Inès;Garcia;inès.garcia964@example.com;0638396820;08/06/1978;73805 Montpellier;CAF0678821361;IODAS965869;referent.agent2@example.org;
Monsieur;Jean;Robert;jean.robert42@example.com;0640107823;18/10/1951;24668 Bordeaux;CAF0122353329;IODAS565966;referent.agent2@example.org;
Madame;Marie;Petit;marie.petit671@example.com;0607799078;09/10/1982;18477 Lyon;CAF0413174223;IODAS882812;referent.agent3@example.org;
Madame;Inès;Martin;inès.martin625@example.com;0614806392;26/06/1974;54885 Marseille;CAF0539545132;IODAS580077;referent.agent1@example.org;
Monsieur;Camille;Dupont;camille.dupont548@example.com;0647183219;18/12/1991;17042 Lyon;CAF0073753609;IODAS994161;referent.agent3@example.org;
Monsieur;Inès;Garcia;inès.garcia67@example.com;0675017965;20/01/1971;54575 Paris;CAF0315051262;IODAS622779;referent.agent1@example.org;
Monsieur;Inès;Dubois;inès.dubois50@example.com;0696316130;13/11/1972;26170 Bordeaux;CAF0804867700;IODAS12182;referent.agent5@example.org;
Monsieur;Julie;Garcia;julie.garcia474@example.com;0645225773;27/08/1982;21003 Nice;CAF0306591778;IODAS566346;referent.agent5@example.org;
Monsieur;Michel;Roux;michel.roux857@example.com;0617202094;25/01/1965;85425 Lyon;CAF0765170822;IODAS123849;referent.agent4@example.org;
Madame;Gaston;Petit;gaston.petit80@example.com;0611862649;25/04/1966;88702 Nantes;CAF0351188653;IODAS439150;referent.agent1@example.org;
Madame;Lucas;Durand;lucas.durand951@example.com;0688177113;05/02/1980;61821 Bordeaux;CAF0298859684;IODAS639791;referent.agent1@example.org;
Monsieur;Julie;Durand;julie.durand781@example.com;0662253282;24/08/1963;46004 Bordeaux;CAF0647492724;IODAS578510;referent.agent4@example.org;
Madame;Chloé;Robert;chloé.robert987@example.com;0628790466;20/08/1962;62859 Bordeaux;CAF0052488206;IODAS308146;referent.agent1@example.org;
Monsieur;Léa;Laurent;léa.laurent219@example.com;0650490150;13/06/1968;83880 Nice;CAF0687170738;IODAS707486;referent.agent1@example.org;
Monsieur;Manon;Simon;manon.simon627@example.com;0620974466;15/02/1974;52336 Bordeaux;CAF0842362250;IODAS56891;referent.agent5@example.org;
Monsieur;Léa;Lefebvre;léa.lefebvre882@example.com;0665812758;09/09/1976;63347 Strasbourg;CAF0991723404;IODAS559406;referent.agent5@example.org;
Madame;Léa;Durand;léa.durand411@example.com;0611701005;24/09/1982;26322 Paris;CAF0640630864;IODAS502737;referent.agent4@example.org;
Monsieur;Manon;Durand;manon.durand281@example.com;0678771661;11/12/1972;73772 Lyon;CAF0848672060;IODAS407587;referent.agent5@example.org;
Monsieur;Léa;Moreau;léa.moreau965@example.com;0628661033;28/02/1996;86350 Strasbourg;CAF0310902525;IODAS322963;referent.agent5@example.org;
Madame;Chloé;Durand;chloé.durand220@example.com;0663109084;28/12/1954;37875 Montpellier;CAF0314377261;IODAS386743;referent.agent1@example.org;
Madame;Manon;Robert;manon.robert397@example.com;0674160766;17/03/1984;57695 Nice;CAF0281073485;IODAS46238;referent.agent4@example.org;
Madame;Léa;Leroy;léa.leroy921@example.com;0639590475;10/08/1996;61710 Bordeaux;CAF0320483896;IODAS289487;referent.agent2@example.org;
Madame;Pierre;Dupont;pierre.dupont246@example.com;0649860580;03/05/1992;24657 Toulouse;CAF0927054802;IODAS342860;referent.agent4@example.org;
Monsieur;Chloé;Bernard;chloé.bernard110@example.com;0637498080;20/10/1981;89677 Lyon;CAF0751520833;IODAS21766;referent.agent5@example.org;
Monsieur;Manon;Durand;manon.durand231@example.com;0628085128;19/06/1998;13974 Nice;CAF0007463255;IODAS109798;referent.agent1@example.org;
Monsieur;Sophie;Garcia;sophie.garcia917@example.com;0605624286;15/01/1977;68883 Marseille;CAF0201444355;IODAS434676;referent.agent4@example.org;
Madame;Pierre;Robert;pierre.robert321@example.com;0698994865;26/09/1998;81548 Lyon;CAF0385261394;IODAS501806;referent.agent1@example.org;
Madame;Paul;Richard;paul.richard286@example.com;0670478330;05/03/2000;21904 Bordeaux;CAF0480723219;IODAS847980;referent.agent1@example.org;
Madame;Lucas;Dubois;lucas.dubois512@example.com;0631943200;25/07/1982;46450 Lille;CAF0432011932;IODAS342058;referent.agent2@example.org;
Monsieur;Camille;Garcia;camille.garcia553@example.com;0687873602;18/06/1953;71893 Montpellier;CAF0628697547;IODAS225648;referent.agent2@example.org;
Madame;Albert;Thomas;albert.thomas215@example.com;0653720744;11/04/1969;59524 Lyon;CAF0299060634;IODAS544648;referent.agent5@example.org;
Monsieur;Sophie;Bernard;sophie.bernard344@example.com;0622450517;23/10/1971;88413 Toulouse;CAF0872320479;IODAS190370;referent.agent2@example.org;
Monsieur;Inès;Simon;inès.simon560@example.com;0668545935;11/12/1978;49296 Toulouse;CAF0519351985;IODAS22304;referent.agent4@example.org;
Monsieur;Pierre;Dupont;pierre.dupont262@example.com;0670902261;25/06/1957;47776 Lille;CAF0933931978;IODAS503143;referent.agent1@example.org;
Madame;Albert;Robert;albert.robert138@example.com;0651323710;16/03/1984;13972 Montpellier;CAF0012338726;IODAS841446;referent.agent5@example.org;
Monsieur;Sophie;Durand;sophie.durand388@example.com;0639003851;23/06/1971;20741 Nantes;CAF0996263932;IODAS505541;referent.agent2@example.org;
Monsieur;Michel;Laurent;michel.laurent766@example.com;0658495274;28/04/1987;28079 Toulouse;CAF0541286300;IODAS4011;referent.agent4@example.org;
Monsieur;Albert;Durand;albert.durand507@example.com;0603685734;27/02/1953;60277 Bordeaux;CAF0196033312;IODAS645950;referent.agent5@example.org;
Madame;Chloé;Lefebvre;chloé.lefebvre103@example.com;0649674927;23/07/1974;83937 Lyon;CAF0966969701;IODAS301081;referent.agent5@example.org;
Madame;Julie;Leroy;julie.leroy234@example.com;0688157173;05/05/1982;58774 Montpellier;CAF0082813060;IODAS622137;referent.agent5@example.org;
Madame;Léa;Martin;léa.martin969@example.com;0602391249;24/02/1988;71610 Marseille;CAF0828413485;IODAS748619;referent.agent2@example.org;
Madame;Michel;Martin;michel.martin869@example.com;0605132032;21/10/1983;18333 Toulouse;CAF0981980246;IODAS533704;referent.agent4@example.org;
Monsieur;Albert;Petit;albert.petit553@example.com;0645395720;17/10/1963;36640 Montpellier;CAF0041697529;IODAS258038;referent.agent4@example.org;
Madame;Albert;Durand;albert.durand600@example.com;0639190121;22/04/1979;88974 Montpellier;CAF0592812776;IODAS331685;referent.agent2@example.org;
Madame;Albert;Richard;albert.richard841@example.com;0628202958;27/05/1999;57532 Nice;CAF0715948558;IODAS309525;referent.agent2@example.org;
Monsieur;Sophie;Lefebvre;sophie.lefebvre338@example.com;0691484789;20/08/1962;31043 Paris;CAF0984460678;IODAS147881;referent.agent4@example.org;
Monsieur;Camille;Leroy;camille.leroy251@example.com;0662558499;23/02/2001;66247 Montpellier;CAF0305157751;IODAS283275;referent.agent2@example.org;
Madame;Manon;Durand;manon.durand939@example.com;0699094710;18/07/1995;90033 Strasbourg;CAF0105547229;IODAS533480;referent.agent3@example.org;
Madame;Sophie;Lefebvre;sophie.lefebvre483@example.com;0682640177;01/06/1996;38928 Paris;CAF0855458785;IODAS282335;referent.agent4@example.org;
Monsieur;Gaston;Lefebvre;gaston.lefebvre159@example.com;0637873429;01/07/1996;84794 Nantes;CAF0424766777;IODAS384823;referent.agent3@example.org;
Monsieur;Inès;Dupont;inès.dupont393@example.com;0651609007;17/01/1973;11429 Nice;CAF0071021100;IODAS918565;referent.agent2@example.org;
Madame;Julie;Lefebvre;julie.lefebvre396@example.com;0610837461;16/08/1965;94922 Lyon;CAF0524660627;IODAS80788;referent.agent1@example.org;
Madame;Gaston;Roux;gaston.roux889@example.com;0627276314;18/08/1956;63287 Montpellier;CAF0010698110;IODAS680551;referent.agent4@example.org;
Madame;Émile;Simon;émile.simon236@example.com;0623714493;15/09/2002;81494 Paris;CAF0875804613;IODAS748960;referent.agent4@example.org;
Monsieur;Manon;Leroy;manon.leroy134@example.com;0680444530;06/02/1993;38294 Paris;CAF0380280253;IODAS922577;referent.agent5@example.org;
Madame;Manon;Laurent;manon.laurent21@example.com;0665844768;22/12/1976;15573 Lille;CAF0991402228;IODAS586887;referent.agent4@example.org;
Madame;Manon;Lefebvre;manon.lefebvre916@example.com;0647030080;03/10/1963;37338 Lille;CAF0171594913;IODAS128020;referent.agent3@example.org;
Madame;Jean;Garcia;jean.garcia913@example.com;0661545034;02/02/1950;15345 Lyon;CAF0755572491;IODAS62792;referent.agent4@example.org;
Monsieur;Jean;Laurent;jean.laurent682@example.com;0604867789;11/10/1982;54565 Marseille;CAF0486504059;IODAS8985;referent.agent1@example.org;
Monsieur;Albert;Simon;albert.simon659@example.com;0605425706;06/04/1984;86734 Strasbourg;CAF0371376908;IODAS800040;referent.agent5@example.org;
Madame;Sophie;Dubois;sophie.dubois141@example.com;0687097286;19/06/1952;24479 Montpellier;CAF0283378431;IODAS140304;referent.agent4@example.org;
Monsieur;Sophie;Durand;sophie.durand381@example.com;0660906989;20/06/1970;74934 Lyon;CAF0280977328;IODAS898127;referent.agent5@example.org;
Monsieur;Julie;Garcia;julie.garcia280@example.com;0646499031;05/10/1958;42503 Montpellier;CAF0061137487;IODAS226084;referent.agent5@example.org;
Madame;Julie;Dubois;julie.dubois589@example.com;0612977054;13/02/2003;92684 Strasbourg;CAF0590433591;IODAS443409;referent.agent4@example.org;
Monsieur;Lucas;Martin;lucas.martin310@example.com;0629300424;01/04/1966;38493 Toulouse;CAF0248576593;IODAS368619;referent.agent5@example.org;
Madame;Sophie;Garcia;sophie.garcia790@example.com;0666934148;11/10/1992;82221 Lille;CAF0751646831;IODAS542584;referent.agent2@example.org;
Monsieur;Paul;Durand;paul.durand996@example.com;0601431890;03/05/1974;57728 Paris;CAF0217593947;IODAS90092;referent.agent5@example.org;
Monsieur;Pierre;Robert;pierre.robert736@example.com;0636011998;07/07/1980;54441 Lyon;CAF0092737563;IODAS611206;referent.agent1@example.org;
Madame;Michel;Lefebvre;michel.lefebvre821@example.com;0679358194;08/04/1999;91741 Nice;CAF0108598266;IODAS434384;referent.agent1@example.org;
Madame;Paul;Leroy;paul.leroy992@example.com;0625528721;14/11/1967;52768 Toulouse;CAF0864201378;IODAS337855;referent.agent5@example.org;
Madame;Camille;Thomas;camille.thomas966@example.com;0631231026;03/02/1956;59782 Strasbourg;CAF0788217435;IODAS95632;referent.agent5@example.org;
Madame;Léa;Leroy;léa.leroy156@example.com;0657139896;05/12/1963;23321 Marseille;CAF0967667462;IODAS465703;referent.agent1@example.org;
Monsieur;Julie;Lefebvre;julie.lefebvre292@example.com;0616237924;27/03/1957;53494 Nice;CAF0587260101;IODAS159579;referent.agent4@example.org;
Monsieur;Julie;Laurent;julie.laurent299@example.com;0686858394;10/10/1955;81867 Nantes;CAF0924062554;IODAS180344;referent.agent2@example.org;
Monsieur;Émile;Roux;émile.roux818@example.com;0692695262;25/06/1974;37874 Montpellier;CAF0516239244;IODAS22321;referent.agent4@example.org;
Madame;Inès;Leroy;inès.leroy295@example.com;0695610889;09/07/1983;24129 Strasbourg;CAF0405375481;IODAS127712;referent.agent2@example.org;
Madame;Jean;Martin;jean.martin299@example.com;0681676475;04/12/1994;51032 Nice;CAF0029053764;IODAS179496;referent.agent4@example.org;
Monsieur;Pierre;Lefebvre;pierre.lefebvre382@example.com;0621597684;18/01/1971;66277 Nantes;CAF0408276534;IODAS503539;referent.agent3@example.org;
Madame;Manon;Dupont;manon.dupont428@example.com;0650870919;15/02/1979;10852 Nantes;CAF0664772204;IODAS460725;referent.agent3@example.org;
Madame;Michel;Leroy;michel.leroy313@example.com;0694513169;02/02/2000;20906 Nantes;CAF0901489916;IODAS326113;referent.agent2@example.org;
Monsieur;Camille;Lefebvre;camille.lefebvre823@example.com;0680714832;25/09/1959;43118 Lille;CAF0961914644;IODAS211918;referent.agent5@example.org;
Madame;Sophie;Robert;sophie.robert946@example.com;0614998611;18/10/1974;78848 Paris;CAF0880729902;IODAS927341;referent.agent3@example.org;
Monsieur;Paul;Leroy;paul.leroy178@example.com;0671536683;19/01/1975;42142 Nantes;CAF0756753737;IODAS987377;referent.agent2@example.org;
Monsieur;Marie;Laurent;marie.laurent901@example.com;0645597955;09/12/1984;25543 Nantes;CAF0522405518;IODAS806032;referent.agent3@example.org;
Monsieur;Paul;Dupont;paul.dupont532@example.com;0653598164;25/10/1984;23660 Bordeaux;CAF0337525529;IODAS70079;referent.agent3@example.org;
Madame;Paul;Bernard;paul.bernard687@example.com;0633583026;28/10/1996;73693 Montpellier;CAF0213744572;IODAS35435;referent.agent2@example.org;
Monsieur;Marie;Durand;marie.durand162@example.com;0691590914;23/04/1969;31137 Marseille;CAF0098209687;IODAS796182;referent.agent5@example.org;
Madame;Camille;Leroy;camille.leroy363@example.com;0642151236;08/06/2005;78268 Bordeaux;CAF0831749687;IODAS553987;referent.agent2@example.org;
Madame;Marie;Petit;marie.petit445@example.com;0694868123;13/01/1976;87626 Bordeaux;CAF0104785485;IODAS422583;referent.agent5@example.org;
Madame;Marie;Roux;marie.roux985@example.com;0603806261;21/05/2004;20631 Toulouse;CAF0994191096;IODAS366280;referent.agent4@example.org;
Madame;Chloé;Richard;chloé.richard841@example.com;0647609062;13/12/1970;39630 Nantes;CAF0899758908;IODAS402903;referent.agent2@example.org;
Madame;Julie;Leroy;julie.leroy809@example.com;0680001276;19/12/1950;58250 Nice;CAF0324518246;IODAS206571;referent.agent5@example.org;
Madame;Sophie;Garcia;sophie.garcia775@example.com;0664999556;28/01/1996;93183 Bordeaux;CAF0563441370;IODAS807986;referent.agent3@example.org;
Monsieur;Jean;Petit;jean.petit609@example.com;0643794061;23/02/2000;22422 Nantes;CAF0759997053;IODAS156141;referent.agent1@example.org;
Madame;Michel;Petit;michel.petit235@example.com;0625795629;02/11/1999;55196 Montpellier;CAF0769750978;IODAS417655;referent.agent1@example.org;
Madame;Lucas;Richard;lucas.richard717@example.com;0689324720;11/11/1952;84110 Lyon;CAF0013291143;IODAS705028;referent.agent2@example.org;
Madame;Paul;Roux;paul.roux877@example.com;0607427736;28/09/1985;36915 Nice;CAF0165793446;IODAS701713;referent.agent1@example.org;
Monsieur;Gaston;Garcia;gaston.garcia23@example.com;0625494352;23/01/1998;57111 Paris;CAF0017284989;IODAS280994;referent.agent2@example.org;
Madame;Julie;Martin;julie.martin159@example.com;0627796896;08/11/1975;42485 Lille;CAF0124299382;IODAS183166;referent.agent1@example.org;
Monsieur;Manon;Dupont;manon.dupont72@example.com;0635260114;16/08/1963;93226 Lille;CAF0763265942;IODAS196545;referent.agent1@example.org;
Monsieur;Camille;Simon;camille.simon536@example.com;0619917670;18/07/1975;76447 Nice;CAF0251717361;IODAS743704;referent.agent1@example.org;
Madame;Albert;Leroy;albert.leroy629@example.com;0635697602;21/01/1959;91973 Lyon;CAF0813397551;IODAS738213;referent.agent5@example.org;
Madame;Émile;Leroy;émile.leroy867@example.com;0633206081;05/10/1984;14853 Strasbourg;CAF0443408992;IODAS110024;referent.agent1@example.org;
Monsieur;Paul;Moreau;paul.moreau432@example.com;0652021886;15/02/1971;22700 Nantes;CAF0028809887;IODAS340471;referent.agent3@example.org;
Madame;Jean;Garcia;jean.garcia246@example.com;0689885999;23/02/1999;73886 Nantes;CAF0179757816;IODAS280218;referent.agent2@example.org;
Monsieur;Manon;Dubois;manon.dubois981@example.com;0666401445;16/01/1963;86147 Montpellier;CAF0812473279;IODAS59908;referent.agent5@example.org;
Monsieur;Lucas;Simon;lucas.simon350@example.com;0626902897;06/09/1968;57345 Paris;CAF0477450789;IODAS960263;referent.agent1@example.org;
Monsieur;Julie;Robert;julie.robert534@example.com;0633000375;18/12/1954;78020 Paris;CAF0883221547;IODAS10188;referent.agent4@example.org;
Madame;Marie;Lefebvre;marie.lefebvre462@example.com;0671800373;07/03/1954;16366 Nice;CAF0894076674;IODAS876445;referent.agent4@example.org;
Monsieur;Paul;Richard;paul.richard552@example.com;0628610804;25/02/1984;19795 Lille;CAF0763514412;IODAS723627;referent.agent1@example.org;
Madame;Inès;Laurent;inès.laurent620@example.com;0646441475;26/01/1973;95058 Bordeaux;CAF0582666151;IODAS950502;referent.agent2@example.org;
Monsieur;Pierre;Simon;pierre.simon246@example.com;0642566656;06/04/1963;90515 Lille;CAF0080194375;IODAS979111;referent.agent4@example.org;
Madame;Pierre;Petit;pierre.petit627@example.com;0692067920;15/06/1994;22385 Paris;CAF0997716730;IODAS748323;referent.agent1@example.org;
Monsieur;Léa;Lefebvre;léa.lefebvre346@example.com;0691396094;09/08/1960;80767 Lille;CAF0418590983;IODAS115511;referent.agent3@example.org;
Monsieur;Marie;Garcia;marie.garcia796@example.com;0647184122;18/04/1999;78434 Nice;CAF0550675646;IODAS218018;referent.agent5@example.org;
Monsieur;Pierre;Dupont;pierre.dupont789@example.com;0659617726;03/04/1951;34981 Bordeaux;CAF0774768537;IODAS970226;referent.agent1@example.org;
Madame;Pierre;Moreau;pierre.moreau606@example.com;0675772448;09/04/1974;38494 Lille;CAF0365914640;IODAS536526;referent.agent4@example.org;
Monsieur;Julie;Dupont;julie.dupont537@example.com;0635102101;02/05/1969;35052 Montpellier;CAF0709097087;IODAS847597;referent.agent4@example.org;
Monsieur;Chloé;Richard;chloé.richard491@example.com;0671402713;23/12/1988;57214 Lyon;CAF0881950357;IODAS671530;referent.agent2@example.org;
Monsieur;Michel;Moreau;michel.moreau85@example.com;0602263236;27/12/1953;66665 Nice;CAF0951974671;IODAS876599;referent.agent5@example.org;
Monsieur;Léa;Dupont;léa.dupont36@example.com;0661562117;02/07/1998;12786 Nantes;CAF0091508284;IODAS578015;referent.agent4@example.org;
Madame;Marie;Thomas;marie.thomas870@example.com;0685870435;20/12/1989;88724 Lille;CAF0701960632;IODAS97547;referent.agent2@example.org;
Madame;Chloé;Laurent;chloé.laurent896@example.com;0662678832;07/03/1952;85442 Paris;CAF0455514316;IODAS210257;referent.agent4@example.org;
Madame;Pierre;Garcia;pierre.garcia715@example.com;0662496825;26/08/1957;40951 Paris;CAF0129627634;IODAS792934;referent.agent4@example.org;
Madame;Michel;Leroy;michel.leroy841@example.com;0633437091;28/01/1976;73131 Montpellier;CAF0968547505;IODAS288434;referent.agent5@example.org;
Madame;Camille;Garcia;camille.garcia172@example.com;0679158821;12/07/1953;83065 Montpellier;CAF0446545479;IODAS706312;referent.agent1@example.org;
Madame;Inès;Leroy;inès.leroy159@example.com;0675752172;11/02/1952;28110 Strasbourg;CAF0812606111;IODAS794389;referent.agent5@example.org;
Madame;Gaston;Roux;gaston.roux397@example.com;0665896731;02/10/1996;22522 Strasbourg;CAF0087388800;IODAS602459;referent.agent5@example.org;
Madame;Gaston;Richard;gaston.richard480@example.com;0650331966;08/06/1975;45867 Lille;CAF0899669161;IODAS288681;referent.agent3@example.org;
Madame;Émile;Petit;émile.petit262@example.com;0625842037;24/03/1989;65122 Marseille;CAF0757001882;IODAS51987;referent.agent1@example.org;
Monsieur;Julie;Garcia;julie.garcia638@example.com;0618061739;10/02/1967;65729 Lyon;CAF0470805138;IODAS288547;referent.agent4@example.org;
Madame;Albert;Martin;albert.martin353@example.com;0644834132;24/02/1998;44302 Nice;CAF0780248277;IODAS629802;referent.agent1@example.org;
Madame;Paul;Leroy;paul.leroy141@example.com;0636363856;05/03/1989;15004 Toulouse;CAF0167715933;IODAS609515;referent.agent3@example.org;
Madame;Inès;Laurent;inès.laurent384@example.com;0643815851;27/08/1986;91849 Nantes;CAF0195336282;IODAS994555;referent.agent2@example.org;
Monsieur;Michel;Robert;michel.robert16@example.com;0657682959;12/04/1980;70289 Paris;CAF0879638755;IODAS226432;referent.agent4@example.org;
Madame;Marie;Moreau;marie.moreau415@example.com;0626876005;28/01/1985;42448 Nice;CAF0970131511;IODAS674572;referent.agent4@example.org;
Madame;Jean;Garcia;jean.garcia464@example.com;0602691652;19/09/1991;10509 Toulouse;CAF0818278775;IODAS896250;referent.agent3@example.org;
Monsieur;Gaston;Durand;gaston.durand454@example.com;0692041936;25/03/2005;69781 Paris;CAF0776394336;IODAS984563;referent.agent4@example.org;
Madame;Lucas;Dupont;lucas.dupont408@example.com;0673450292;16/11/1992;89118 Nice;CAF0665768219;IODAS510645;referent.agent1@example.org;
Madame;Lucas;Durand;lucas.durand140@example.com;0643735117;22/08/2003;26585 Bordeaux;CAF0818320997;IODAS344220;referent.agent2@example.org;
Monsieur;Léa;Petit;léa.petit661@example.com;0640790375;01/02/1990;16386 Bordeaux;CAF0246064192;IODAS806359;referent.agent3@example.org;
Monsieur;Paul;Thomas;paul.thomas202@example.com;0671792860;22/03/1992;26845 Nice;CAF0827140398;IODAS486982;referent.agent2@example.org;
Monsieur;Gaston;Durand;gaston.durand661@example.com;0680251068;27/04/2003;89382 Bordeaux;CAF0332180674;IODAS923113;referent.agent1@example.org;
Monsieur;Pierre;Moreau;pierre.moreau316@example.com;0693060448;02/03/1992;54027 Paris;CAF0767357650;IODAS783401;referent.agent5@example.org;
Madame;Albert;Robert;albert.robert846@example.com;0625685661;19/10/1991;40217 Bordeaux;CAF0202682081;IODAS269238;referent.agent3@example.org;
Madame;Chloé;Durand;chloé.durand909@example.com;0662070146;02/06/1952;69752 Marseille;CAF0531771998;IODAS16222;referent.agent4@example.org;
Monsieur;Pierre;Leroy;pierre.leroy696@example.com;0618802610;24/01/1953;24354 Marseille;CAF0850352746;IODAS919212;referent.agent1@example.org;
Monsieur;Julie;Durand;julie.durand938@example.com;0662172266;04/04/1996;24934 Lyon;CAF0737505952;IODAS366201;referent.agent5@example.org;
Monsieur;Pierre;Garcia;pierre.garcia869@example.com;0606381040;06/03/1997;63705 Marseille;CAF0659677089;IODAS495829;referent.agent4@example.org;
Madame;Albert;Martin;albert.martin777@example.com;0624087048;01/07/2000;47920 Marseille;CAF0492888441;IODAS161854;referent.agent1@example.org;
Monsieur;Camille;Dubois;camille.dubois331@example.com;0636764669;23/08/1972;18715 Bordeaux;CAF0962489712;IODAS385692;referent.agent1@example.org;
Monsieur;Jean;Moreau;jean.moreau732@example.com;0672067258;11/10/1954;88587 Lille;CAF0854702292;IODAS763648;referent.agent4@example.org;
Madame;Camille;Roux;camille.roux684@example.com;0666226022;28/09/1996;53608 Paris;CAF0913829857;IODAS19455;referent.agent5@example.org;
Monsieur;Michel;Lefebvre;michel.lefebvre142@example.com;0625545879;10/01/1960;25760 Nantes;CAF0876959532;IODAS246531;referent.agent5@example.org;
Madame;Albert;Richard;albert.richard941@example.com;0641392429;05/06/1966;30653 Paris;CAF0284972058;IODAS832817;referent.agent1@example.org;
Madame;Sophie;Garcia;sophie.garcia732@example.com;0630509761;10/07/2003;48852 Nice;CAF0045240506;IODAS970029;referent.agent5@example.org;
Madame;Julie;Bernard;julie.bernard365@example.com;0675153744;25/01/2004;40900 Montpellier;CAF0877714525;IODAS991815;referent.agent4@example.org;
Madame;Camille;Leroy;camille.leroy129@example.com;0647295511;14/06/1975;19525 Nantes;CAF0160731308;IODAS261714;referent.agent3@example.org;
Madame;Chloé;Laurent;chloé.laurent887@example.com;0699428733;28/12/1988;12063 Nantes;CAF0788852096;IODAS881944;referent.agent2@example.org;
Monsieur;Jean;Lefebvre;jean.lefebvre784@example.com;0623315141;21/04/1985;73835 Nantes;CAF0292841875;IODAS232852;referent.agent3@example.org;
Madame;Chloé;Petit;chloé.petit352@example.com;0651801519;10/02/1993;42493 Nice;CAF0242732782;IODAS740375;referent.agent5@example.org;
Madame;Pierre;Richard;pierre.richard706@example.com;0616571512;16/01/1957;49550 Nantes;CAF0104042683;IODAS284126;referent.agent3@example.org;
Madame;Marie;Moreau;marie.moreau344@example.com;0688898407;22/09/1988;39444 Bordeaux;CAF0517239254;IODAS99609;referent.agent3@example.org;
Madame;Camille;Roux;camille.roux162@example.com;0612704916;06/08/2003;91173 Marseille;CAF0303905129;IODAS343406;referent.agent3@example.org;
Monsieur;Gaston;Laurent;gaston.laurent131@example.com;0604340765;16/02/1992;62540 Lille;CAF0120972059;IODAS668651;referent.agent5@example.org;
Madame;Albert;Martin;albert.martin36@example.com;0659541440;11/11/1989;46542 Marseille;CAF0323855659;IODAS599406;referent.agent3@example.org;
Madame;Chloé;Garcia;chloé.garcia55@example.com;0694290397;02/12/1952;35726 Nice;CAF0168765544;IODAS462142;referent.agent1@example.org;
Madame;Jean;Martin;jean.martin413@example.com;0645681115;10/01/1982;44295 Toulouse;CAF0414529991;IODAS19461;referent.agent2@example.org;
Madame;Lucas;Thomas;lucas.thomas759@example.com;0667686765;18/12/1974;94853 Toulouse;CAF0048674201;IODAS780552;referent.agent5@example.org;
Monsieur;Émile;Durand;émile.durand508@example.com;0672526926;13/08/2005;65207 Nice;CAF0110270811;IODAS196543;referent.agent3@example.org;
Madame;Léa;Dubois;léa.dubois21@example.com;0644936293;19/03/1955;49846 Lille;CAF0885765037;IODAS802989;referent.agent1@example.org;
Madame;Pierre;Martin;pierre.martin439@example.com;0686003816;26/03/1982;73421 Paris;CAF0086998869;IODAS839752;referent.agent1@example.org;
Monsieur;Émile;Simon;émile.simon286@example.com;0601674739;17/01/1983;75529 Montpellier;CAF0295653251;IODAS267773;referent.agent5@example.org;
Madame;Pierre;Martin;pierre.martin903@example.com;0628230670;06/03/2001;62619 Montpellier;CAF0370019961;IODAS777763;referent.agent4@example.org;
Monsieur;Paul;Lefebvre;paul.lefebvre677@example.com;0602975251;18/02/1957;30545 Bordeaux;CAF0721376499;IODAS327906;referent.agent5@example.org;
Monsieur;Paul;Leroy;paul.leroy368@example.com;0643206278;16/10/1987;70194 Montpellier;CAF0226946496;IODAS617587;referent.agent5@example.org;
Madame;Paul;Dubois;paul.dubois852@example.com;0683334089;16/08/2004;36731 Nantes;CAF0304728297;IODAS347525;referent.agent2@example.org;
Madame;Lucas;Garcia;lucas.garcia865@example.com;0679147885;22/10/1991;24094 Toulouse;CAF0106850491;IODAS550487;referent.agent4@example.org;
Madame;Léa;Richard;léa.richard34@example.com;0694467398;03/05/1972;45176 Montpellier;CAF0443785777;IODAS211753;referent.agent1@example.org;
Madame;Albert;Robert;albert.robert95@example.com;0680352980;02/11/1982;36207 Toulouse;CAF0595216839;IODAS948686;referent.agent5@example.org;
Madame;Gaston;Martin;gaston.martin519@example.com;0681612147;18/10/1975;90519 Paris;CAF0686712289;IODAS439501;referent.agent3@example.org;
Madame;Chloé;Robert;chloé.robert618@example.com;0682370727;25/10/1979;50941 Lyon;CAF0265696736;IODAS466161;referent.agent2@example.org;
Madame;Chloé;Lefebvre;chloé.lefebvre498@example.com;0630051403;27/03/1995;95567 Lille;CAF0059980192;IODAS309356;referent.agent1@example.org;
Monsieur;Julie;Robert;julie.robert601@example.com;0606050490;27/06/1989;49724 Marseille;CAF0272325843;IODAS680930;referent.agent4@example.org;
Monsieur;Jean;Lefebvre;jean.lefebvre854@example.com;0685576305;10/05/1969;16239 Paris;CAF0334211559;IODAS739179;referent.agent2@example.org;
Monsieur;Sophie;Roux;sophie.roux872@example.com;0693552773;12/05/1990;93766 Lyon;CAF0098903536;IODAS716628;referent.agent2@example.org;
Madame;Sophie;Richard;sophie.richard731@example.com;0673255186;09/07/1970;61233 Nice;CAF0372182753;IODAS783506;referent.agent3@example.org;
Madame;Albert;Garcia;albert.garcia309@example.com;0640485608;01/06/1978;39142 Paris;CAF0655695447;IODAS513263;referent.agent4@example.org;
Monsieur;Julie;Thomas;julie.thomas95@example.com;0652614515;03/11/1963;83637 Paris;CAF0396708597;IODAS356676;referent.agent2@example.org;
Madame;Sophie;Martin;sophie.martin240@example.com;0662576489;21/01/1993;60382 Lille;CAF0684261916;IODAS196910;referent.agent2@example.org;
Madame;Jean;Richard;jean.richard550@example.com;0633202374;01/02/1950;12712 Toulouse;CAF0438148728;IODAS173276;referent.agent1@example.org;
Madame;Chloé;Robert;chloé.robert467@example.com;0609640496;04/10/1968;23229 Toulouse;CAF0956895000;IODAS860999;referent.agent5@example.org;
Madame;Émile;Bernard;émile.bernard273@example.com;0624994487;21/02/1980;22825 Lyon;CAF0850179781;IODAS201027;referent.agent3@example.org;
Madame;Michel;Simon;michel.simon89@example.com;0680132133;10/10/1974;79797 Strasbourg;CAF0553841051;IODAS280523;referent.agent3@example.org;
Monsieur;Pierre;Robert;pierre.robert520@example.com;0673723298;22/04/1972;41362 Toulouse;CAF0883799122;IODAS651236;referent.agent2@example.org;
Monsieur;Camille;Durand;camille.durand609@example.com;0647587603;19/03/1979;58830 Nice;CAF0447537486;IODAS313876;referent.agent5@example.org;
Monsieur;Paul;Leroy;paul.leroy658@example.com;0620552701;03/10/1974;17355 Montpellier;CAF0275826027;IODAS506281;referent.agent2@example.org;
Monsieur;Gaston;Laurent;gaston.laurent125@example.com;0630853615;24/08/2005;34786 Toulouse;CAF0825616957;IODAS580913;referent.agent4@example.org;
Monsieur;Paul;Petit;paul.petit712@example.com;0697677184;18/01/1990;79978 Bordeaux;CAF0208779071;IODAS816353;referent.agent3@example.org;
Madame;Pierre;Dupont;pierre.dupont860@example.com;0615118093;14/01/1960;14170 Strasbourg;CAF0418594189;IODAS30246;referent.agent1@example.org;
Madame;Jean;Petit;jean.petit124@example.com;0696753759;12/12/2004;18455 Lyon;CAF0644980091;IODAS328970;referent.agent4@example.org;
Monsieur;Léa;Dubois;léa.dubois867@example.com;0665386097;18/01/1951;94441 Montpellier;CAF0400013412;IODAS934021;referent.agent1@example.org;
Madame;Émile;Moreau;émile.moreau937@example.com;0683760014;21/03/1964;76770 Marseille;CAF0493104905;IODAS222216;referent.agent3@example.org;
Madame;Lucas;Thomas;lucas.thomas625@example.com;0628006181;07/03/1998;62032 Bordeaux;CAF0279347336;IODAS955294;referent.agent2@example.org;
Monsieur;Manon;Roux;manon.roux928@example.com;0644583652;22/10/2001;83717 Nantes;CAF0223334514;IODAS149292;referent.agent4@example.org;
Monsieur;Pierre;Roux;pierre.roux435@example.com;0632388984;09/02/1988;59095 Bordeaux;CAF0723400560;IODAS547752;referent.agent3@example.org;
Monsieur;Chloé;Durand;chloé.durand554@example.com;0682886621;04/08/1961;55413 Bordeaux;CAF0957639997;IODAS93867;referent.agent5@example.org;
Madame;Sophie;Laurent;sophie.laurent912@example.com;0635341239;17/07/1959;31365 Bordeaux;CAF0148906008;IODAS711520;referent.agent2@example.org;
Monsieur;Émile;Moreau;émile.moreau299@example.com;0665055165;12/02/2002;51606 Bordeaux;CAF0712599933;IODAS24660;referent.agent3@example.org;
Madame;Pierre;Durand;pierre.durand767@example.com;0677225692;27/06/1961;77948 Toulouse;CAF0813961270;IODAS123757;referent.agent2@example.org;
Monsieur;Albert;Thomas;albert.thomas483@example.com;0603947233;22/04/1953;93855 Lille;CAF0381559169;IODAS996836;referent.agent1@example.org;
Madame;Gaston;Dupont;gaston.dupont510@example.com;0693373999;12/07/1974;54018 Strasbourg;CAF0540708817;IODAS845928;referent.agent4@example.org;
Monsieur;Marie;Dubois;marie.dubois208@example.com;0616917273;09/10/1951;83657 Strasbourg;CAF0542293869;IODAS416220;referent.agent3@example.org;
Monsieur;Pierre;Leroy;pierre.leroy221@example.com;0655084632;06/11/1976;67520 Bordeaux;CAF0242554118;IODAS313082;referent.agent2@example.org;
Madame;Manon;Lefebvre;manon.lefebvre886@example.com;0602255934;07/09/1993;60555 Paris;CAF0598728871;IODAS379178;referent.agent4@example.org;
Madame;Jean;Garcia;jean.garcia632@example.com;0614020861;20/12/1962;50282 Montpellier;CAF0917096927;IODAS900765;referent.agent1@example.org;
Monsieur;Jean;Simon;jean.simon927@example.com;0680732746;11/01/1951;78686 Strasbourg;CAF0348992537;IODAS397997;referent.agent1@example.org;
Monsieur;Gaston;Simon;gaston.simon459@example.com;0660732739;07/11/1979;16790 Marseille;CAF0360715960;IODAS728074;referent.agent3@example.org;
Monsieur;Paul;Richard;paul.richard916@example.com;0677278243;14/05/1966;68338 Paris;CAF0460468955;IODAS155153;referent.agent1@example.org;
Monsieur;Julie;Richard;julie.richard582@example.com;0673318742;08/11/1963;33275 Montpellier;CAF0848287216;IODAS624277;referent.agent1@example.org;
Monsieur;Chloé;Robert;chloé.robert547@example.com;0640399856;21/02/1950;34165 Strasbourg;CAF0445162103;IODAS981181;referent.agent3@example.org;
Madame;Chloé;Martin;chloé.martin744@example.com;0679675058;27/08/1955;93854 Marseille;CAF0753552914;IODAS437571;referent.agent5@example.org;
Madame;Pierre;Durand;pierre.durand884@example.com;0693707174;14/09/1970;31892 Lille;CAF0414801193;IODAS351931;referent.agent4@example.org;
Monsieur;Albert;Durand;albert.durand426@example.com;0686283736;10/12/1989;25791 Paris;CAF0718648037;IODAS926791;referent.agent2@example.org;
Madame;Jean;Dubois;jean.dubois74@example.com;0632594321;01/11/1988;42826 Strasbourg;CAF0460624015;IODAS489751;referent.agent3@example.org;
Monsieur;Paul;Dupont;paul.dupont69@example.com;0683144339;23/06/1982;80218 Toulouse;CAF0942498572;IODAS422019;referent.agent5@example.org;
Monsieur;Manon;Dubois;manon.dubois383@example.com;0684623936;06/10/1992;15291 Nantes;CAF0093486369;IODAS344872;referent.agent3@example.org;
Madame;Albert;Lefebvre;albert.lefebvre318@example.com;0696238921;24/08/1993;54177 Lille;CAF0059377612;IODAS424698;referent.agent3@example.org;
Monsieur;Michel;Laurent;michel.laurent966@example.com;0654984515;09/03/1972;37812 Lyon;CAF0455390843;IODAS200343;referent.agent2@example.org;
Madame;Pierre;Durand;pierre.durand658@example.com;0611486411;01/05/1994;62425 Montpellier;CAF0147476612;IODAS803678;referent.agent4@example.org;
Monsieur;Albert;Simon;albert.simon459@example.com;0690746961;21/05/1993;61041 Lille;CAF0243137643;IODAS748443;referent.agent2@example.org;
Madame;Lucas;Robert;lucas.robert39@example.com;0695643504;07/12/1966;12586 Lille;CAF0172985396;IODAS466569;referent.agent1@example.org;
Monsieur;Manon;Simon;manon.simon372@example.com;0698253601;22/08/1957;16132 Paris;CAF0040345315;IODAS815805;referent.agent2@example.org;
Madame;Chloé;Thomas;chloé.thomas141@example.com;0633530005;26/09/1966;42240 Lille;CAF0166643321;IODAS898719;referent.agent2@example.org;
Monsieur;Sophie;Robert;sophie.robert721@example.com;0661181912;13/07/1950;87177 Bordeaux;CAF0456784332;IODAS524897;referent.agent4@example.org;
Madame;Gaston;Laurent;gaston.laurent507@example.com;0617395011;23/05/1963;41664 Strasbourg;CAF0543094357;IODAS722194;referent.agent3@example.org;
Monsieur;Léa;Durand;léa.durand14@example.com;0633857840;16/01/2000;81978 Strasbourg;CAF0946708337;IODAS342332;referent.agent3@example.org;
Monsieur;Pierre;Simon;pierre.simon777@example.com;0630351081;19/09/1992;78675 Nantes;CAF0373931332;IODAS836453;referent.agent2@example.org;
Monsieur;Léa;Moreau;léa.moreau806@example.com;0616912654;19/04/1992;49005 Lyon;CAF0323483562;IODAS499774;referent.agent1@example.org;
Monsieur;Léa;Lefebvre;léa.lefebvre841@example.com;0608872923;22/01/1974;35371 Montpellier;CAF0603433614;IODAS534270;referent.agent3@example.org;
Madame;Camille;Garcia;camille.garcia446@example.com;0610203417;19/12/1978;35801 Montpellier;CAF0433819726;IODAS610193;referent.agent2@example.org;
Monsieur;Chloé;Dupont;chloé.dupont400@example.com;0656969844;07/11/2004;20739 Strasbourg;CAF0617729434;IODAS37454;referent.agent4@example.org;
Madame;Michel;Lefebvre;michel.lefebvre686@example.com;0634854767;11/06/1990;37317 Montpellier;CAF0972980351;IODAS823000;referent.agent4@example.org;
Monsieur;Marie;Martin;marie.martin119@example.com;0613755457;23/06/1953;11765 Lille;CAF0977559727;IODAS51239;referent.agent2@example.org;
Monsieur;Manon;Bernard;manon.bernard285@example.com;0698681455;23/09/1984;82804 Toulouse;CAF0968024946;IODAS717541;referent.agent5@example.org;
Monsieur;Pierre;Dupont;pierre.dupont240@example.com;0660449090;05/05/1991;68479 Paris;CAF0264092043;IODAS7604;referent.agent2@example.org;
Monsieur;Paul;Roux;paul.roux835@example.com;0601711409;02/11/1988;43650 Paris;CAF0867057952;IODAS268142;referent.agent5@example.org;
Monsieur;Manon;Garcia;manon.garcia571@example.com;0679494059;23/10/1954;58044 Nice;CAF0199438353;IODAS844592;referent.agent5@example.org;
Monsieur;Michel;Richard;michel.richard698@example.com;0609169317;02/04/1988;59361 Montpellier;CAF0008020696;IODAS652698;referent.agent2@example.org;
Madame;Sophie;Bernard;sophie.bernard291@example.com;0681160968;22/06/1958;57277 Paris;CAF0249832935;IODAS469470;referent.agent3@example.org;
Monsieur;Gaston;Robert;gaston.robert991@example.com;0654391711;23/05/1978;76663 Toulouse;CAF0327561904;IODAS464438;referent.agent2@example.org;
Monsieur;Pierre;Roux;pierre.roux616@example.com;0643650310;01/06/1989;73091 Montpellier;CAF0555079584;IODAS70294;referent.agent1@example.org;
Monsieur;Lucas;Simon;lucas.simon478@example.com;0676700009;16/08/2003;91810 Toulouse;CAF0889906198;IODAS326969;referent.agent5@example.org;
Madame;Lucas;Petit;lucas.petit473@example.com;0686471851;08/03/1981;72723 Marseille;CAF0431929495;IODAS624801;referent.agent4@example.org;
Madame;Albert;Roux;albert.roux559@example.com;0623502915;03/01/2001;30490 Nantes;CAF0799884518;IODAS282438;referent.agent1@example.org;
Monsieur;Michel;Durand;michel.durand446@example.com;0676649492;04/08/1991;23476 Marseille;CAF0963910442;IODAS8542;referent.agent2@example.org;
Madame;Chloé;Simon;chloé.simon48@example.com;0694463143;05/03/1978;25865 Lille;CAF0549617368;IODAS142108;referent.agent1@example.org;
Madame;Léa;Moreau;léa.moreau618@example.com;0650695540;16/11/1958;40986 Strasbourg;CAF0040623364;IODAS323831;referent.agent4@example.org;
Madame;Julie;Thomas;julie.thomas883@example.com;0682503076;13/08/1959;51522 Montpellier;CAF0821270121;IODAS535676;referent.agent4@example.org;
Monsieur;Léa;Garcia;léa.garcia827@example.com;0664878475;23/02/1977;56501 Strasbourg;CAF0561388509;IODAS630815;referent.agent5@example.org;
Monsieur;Jean;Garcia;jean.garcia121@example.com;0637409087;03/06/1998;20531 Nantes;CAF0488924560;IODAS58494;referent.agent2@example.org;
Monsieur;Paul;Laurent;paul.laurent975@example.com;0634776006;06/09/1992;26676 Nantes;CAF0011372077;IODAS207183;referent.agent1@example.org;
